{
"type": "FeatureCollection",
"name": "01_ward8",
"crs": { "type": "name", "properties": { "name": "urn:ogc:def:crs:OGC:1.3:CRS84" } },
"features": [
{"type":"Feature","properties":{"WARD":8,"NAME":"Ward 8","REP_NAME":"Trayon White, Sr.","WEB_URL":"https://www.dccouncil.us/council/councilmember-trayon-white-sr","REP_PHONE":"(202) 724-8045","REP_EMAIL":"twhite@dccouncil.us","REP_OFFICE":"1350 Pennsylvania Ave, Suite 400, NW 20004","WARD_ID":"8","LABEL":"Ward 8","STUSAB":"DC","SUMLEV":"610","GEOID":"610U600US11008","GEOCODE":"11008","STATE":"11","OBJECTID":1,"GLOBALID":"{E31550AE-6FAE-4B74-909F-52B283BFAF68}","CREATED_DATE":null,"LAST_EDITED_DATE":null,"SHAPEAREA":0,"SHAPELEN":0},"geometry":{"type":"Polygon","coordinates":[[[-76.99391635814753,38.877707879395018],[-77.003356754504921,38.880343794717021],[-77.003508570196246,38.880392012734696],[-77.003503788745462,38.880523854626233],[-77.004685434919494,38.880527397954481],[-77.005159988919303,38.880527635246047],[-77.005617112601286,38.880517139640247],[-77.005508926651899,38.880214440884338],[-77.005464776479641,38.880091388327443],[-77.005420626459639,38.879968335751236],[-77.005376476598698,38.879845373239625],[-77.005332211633956,38.879722320630059],[-77.005287946828631,38.879599358085066],[-77.005243566927007,38.879476395525813],[-77.005221780479843,38.879415950186029],[-77.005199187178349,38.879353432947077],[-77.005179936790086,38.879300104115828],[-77.005158496267526,38.879240649670301],[-77.005154346504455,38.879229299278116],[-77.005150196742676,38.879217948885817],[-77.005108007482605,38.879101292045704],[-77.005065703106155,38.878984545109091],[-77.004961036619491,38.8786782642132],[-77.004938905062872,38.87861998084162],[-77.004917004036926,38.878561697455488],[-77.004895218287942,38.878503323975941],[-77.004878389112889,38.878458282708465],[-77.004861675206087,38.878413241433442],[-77.004832858138869,38.878335049765269],[-77.004805309074399,38.8782601911428],[-77.00477799056118,38.878185332503413],[-77.004750902598417,38.878110473847286],[-77.004723814686514,38.878035525099982],[-77.004696957318302,38.877960486252178],[-77.004670330504865,38.877885537471968],[-77.004643818987702,38.877810498596169],[-77.004576272795489,38.87762384730739],[-77.004544689889556,38.877536647270048],[-77.00451287652993,38.877448816644026],[-77.004496278284634,38.877402964548757],[-77.004326262664819,38.876931651672592],[-77.004225752808523,38.876653295886967],[-77.00416107608406,38.876489034588985],[-77.00435682517498,38.876489145682115],[-77.004618456354791,38.876489135623913],[-77.004901231201529,38.87648912409373],[-77.005317784848486,38.876489105861566],[-77.005566252285718,38.876489094278917],[-77.005734090720679,38.876489086155743],[-77.005803200367893,38.876489082740832],[-77.005874900162269,38.876489552658576],[-77.005948826287622,38.876489548914975],[-77.00600730686962,38.876489898373968],[-77.006497812576299,38.876489872104017],[-77.006610747345107,38.87648986576383],[-77.006700083750331,38.876489860671093],[-77.006833244556148,38.876489852953249],[-77.00694786476808,38.876489846188377],[-77.007202388278188,38.876489830764207],[-77.007345663182747,38.876489821837694],[-77.007462024402102,38.876490802567282],[-77.007512962104627,38.876489538124936],[-77.007564245527703,38.876488183553981],[-77.007622674065104,38.876486738973306],[-77.007681102599989,38.876485293237323],[-77.00773964636673,38.876483757943554],[-77.007798074896854,38.876482312712085],[-77.007856503424634,38.876480867451406],[-77.00791493195004,38.876479422161466],[-77.007973360462998,38.876477886758309],[-77.008031788983601,38.876476441409928],[-77.008089987013889,38.87647499604828],[-77.008140233302271,38.876474361968064],[-77.008222863086061,38.876473275170149],[-77.008314827626492,38.876472187649341],[-77.008412208608121,38.876470919498047],[-77.008745263691466,38.876471705782507],[-77.008844027938167,38.876473229770781],[-77.008945903775682,38.87647475343713],[-77.009011131973821,38.876475739344919],[-77.009100175377441,38.876477050479963],[-77.009100069178231,38.875644475186043],[-77.009104679096012,38.874901151254882],[-77.009097406568458,38.874719816668822],[-77.009090148757096,38.874648038863484],[-77.00908528480808,38.874404371015693],[-77.009085230454318,38.874192470346749],[-77.009085116867297,38.873752967905041],[-77.009085074111823,38.873417209564231],[-77.009086004588937,38.873150788804125],[-77.009085983329172,38.872983851278434],[-77.0090869251718,38.872812392580705],[-77.009084982412119,38.872697081791792],[-77.009087897892115,38.872476268140467],[-77.009088772456181,38.87217253002774],[-77.009088762375285,38.872093395138492],[-77.009086826783076,38.872039885367379],[-77.009085968607266,38.871923774983003],[-77.009083794769651,38.871729970022443],[-77.009083781028735,38.871622044265152],[-77.00907346211639,38.869875857831445],[-77.005851865162668,38.86856250829031],[-77.006062481987257,38.868259454632543],[-77.006200736582088,38.868003788685002],[-77.006393139313687,38.867648756836388],[-77.006651791567037,38.867236787731322],[-77.00721759653635,38.866398611434647],[-77.007936967375869,38.865402864769294],[-77.00810838554834,38.865066568865601],[-77.008185220594086,38.864888917556684],[-77.008208730944105,38.864827019084075],[-77.008210919559261,38.864821262552709],[-77.008432892847878,38.864364249798335],[-77.008786477725437,38.863862184670666],[-77.008939438300985,38.86359642475454],[-77.009115580937632,38.863423899940173],[-77.009410186039744,38.863186504757479],[-77.010100638058404,38.862647022971473],[-77.011524297933747,38.861819305643664],[-77.011526486912445,38.86181802623193],[-77.014026655379851,38.860663863976477],[-77.014543827769288,38.860395890223273],[-77.015188891960705,38.860147653068005],[-77.020163838679181,38.857337892803343],[-77.032199092276599,38.850659945496545],[-77.032196468152492,38.850639920464573],[-77.032192191653394,38.850608842535721],[-77.032187915279835,38.85057803485968],[-77.032183523748571,38.850547317299451],[-77.032178556495197,38.850517230488194],[-77.032173474612378,38.850488404889425],[-77.032169313983886,38.850458768277043],[-77.032164923320423,38.850429942487168],[-77.032161688413126,38.850409404140997],[-77.032160417580386,38.850401386981744],[-77.032156603704109,38.850374272635513],[-77.032153020558809,38.850347878900443],[-77.032149321930447,38.850320854606338],[-77.032145508671192,38.850295091524806],[-77.032140428683419,38.850270409804395],[-77.03213120282058,38.850248792093709],[-77.032117023377012,38.850227355913908],[-77.032098582943803,38.850209163941678],[-77.032078646033881,38.850193494740331],[-77.03205905704344,38.850182960249512],[-77.032042118824862,38.850174947390421],[-77.032036469019801,38.850163958646938],[-77.032039457949963,38.850149904663581],[-77.032048553888828,38.850138821788114],[-77.032066062157838,38.850133592086024],[-77.03208852465157,38.85012962220091],[-77.032113291211473,38.850125741761993],[-77.032138172686047,38.850121230695521],[-77.032162248478443,38.850118341364556],[-77.032184595720054,38.85011428140826],[-77.032197954244822,38.850103557683305],[-77.032198527569761,38.85009761195613],[-77.032199330768975,38.850090495068599],[-77.032187921895556,38.850081760030172],[-77.032166607173224,38.850076270758336],[-77.032143911255432,38.850073484394365],[-77.032123520581834,38.850073399922977],[-77.032102786613748,38.850078450352129],[-77.032079633981525,38.850084762623595],[-77.032057518359551,38.850091525027572],[-77.032039780101925,38.850097655635317],[-77.032022154981533,38.850099191905962],[-77.032005794126704,38.850094151667655],[-77.031995651845079,38.850083974913126],[-77.031992074426356,38.850070192983502],[-77.031991031195105,38.850055869853009],[-77.031992752835137,38.850041636049113],[-77.031999312320806,38.850026049653387],[-77.032011169887838,38.850007849357496],[-77.032025100827681,38.849989107985209],[-77.032040876232202,38.849973158720793],[-77.032061953228393,38.849962432892305],[-77.032086372629948,38.849955219432204],[-77.032110446301743,38.849947735808989],[-77.032134173878418,38.849939171263458],[-77.032155942706368,38.849929886577598],[-77.032174139158613,38.84991808050966],[-77.032188878638991,38.849904203451359],[-77.03220211952511,38.849888164779401],[-77.03221397697699,38.849869874378093],[-77.032223298903631,38.849849152397134],[-77.032229855026614,38.849826269153795],[-77.032234912272827,38.849800593708089],[-77.032240659052192,38.849771224611764],[-77.032244217174764,38.84974221645718],[-77.032247314369442,38.849712938176509],[-77.032251678809743,38.849683749629889],[-77.032257080703715,38.84965600214646],[-77.032260985474181,38.849629336089066],[-77.032263508649407,38.849604472101007],[-77.032264994977524,38.849579518315011],[-77.032266136028923,38.849555285299438],[-77.032267739225134,38.849534024940773],[-77.032269688998966,38.849514926511567],[-77.032270025477743,38.849494747515564],[-77.032270823002065,38.849475108898361],[-77.032272197016255,38.849456551134431],[-77.032271725137122,38.849432048311044],[-77.032271367603329,38.849405653683732],[-77.032271010354819,38.84937988964699],[-77.032271228496398,38.849352774185206],[-77.032273751821208,38.849328270533313],[-77.032275237121709,38.849301064636563],[-77.032275917487254,38.849277102000315],[-77.032275678737022,38.849258634766031],[-77.032274868100956,38.849249266213405],[-77.032278869629664,38.84918188198133],[-77.032280351055064,38.849146118067537],[-77.032280450203956,38.849110624788963],[-77.032281356646976,38.849077113143629],[-77.032283415330141,38.849044141685788],[-77.032286165697982,38.849012251049167],[-77.032287994222429,38.848979820160935],[-77.032288786642468,38.848948920993841],[-77.032289579510078,38.848919012754827],[-77.032290718301269,38.848889825095149],[-77.032291858558608,38.848863880473267],[-77.032293114258948,38.848838476325653],[-77.032294025623941,38.848815864889573],[-77.032294477903108,38.848797037125152],[-77.032298927670809,38.848701996852618],[-77.032304526929323,38.848601461111869],[-77.032305189951458,38.848539212606561],[-77.032305071613337,38.848532276140318],[-77.032309897364669,38.848504438724241],[-77.032309888108728,38.848483989567292],[-77.03231033993309,38.848464170873477],[-77.032311022399256,38.848444892622155],[-77.032311244478208,38.84842651534229],[-77.032310775609815,38.848408678760002],[-77.032309846722086,38.848392553908681],[-77.032309379607639,38.848378590955257],[-77.032309259149216,38.848366970100365],[-77.032308448314993,38.848357151124617],[-77.032307637725637,38.848347872655232],[-77.032306594415473,38.848333459439118],[-77.032305203145739,38.848313821423709],[-77.03230277549838,38.848295084539096],[-77.03230115334442,38.848274365574547],[-77.032300567854548,38.848253376069835],[-77.032298715386986,38.848232837337662],[-77.0322965178147,38.848213379713755],[-77.032296970537729,38.848195542875814],[-77.03229788413509,38.848177886079114],[-77.032299143612022,38.848160859777529],[-77.0323028222506,38.848143832806464],[-77.032308113824982,38.848127165726446],[-77.032314441894812,38.848109867768336],[-77.032319502211166,38.84809130897915],[-77.032324216645037,38.848072119694585],[-77.032329852660908,38.848052930154537],[-77.03233733135238,38.848032659090784],[-77.032344809509055,38.848011216929287],[-77.032351366404143,38.847990495697829],[-77.032357462217831,38.847969144002938],[-77.032362635832271,38.847946441297097],[-77.032367117929525,38.847923018107387],[-77.032370793148971,38.847898514128268],[-77.032373315775374,38.847872659202416],[-77.032375031852453,38.847846444162414],[-77.032376517778133,38.847820769692596],[-77.032378348927821,38.84779428436719],[-77.032380525955077,38.847768429536579],[-77.03238281854604,38.847743385433475],[-77.032384534902604,38.847717800983617],[-77.032386136387444,38.847692937240851],[-77.032388774648155,38.84766807321023],[-77.032390952485258,38.847644020067001],[-77.03239209423964,38.847621498646213],[-77.032392084633244,38.847600328811083],[-77.032392998281196,38.847582852180722],[-77.032396333115557,38.847569879099261],[-77.03239851724372,38.847559698953965],[-77.032402315849993,38.84755330190599],[-77.032407958674824,38.847549246540723],[-77.032411640241833,38.847538795726166],[-77.032414859096264,38.84752411107231],[-77.032417386930049,38.847509786947917],[-77.032418187623591,38.847497264991482],[-77.032416914850231,38.84748492377971],[-77.032415873126126,38.847474023854403],[-77.032418058312146,38.847466185903158],[-77.032421971986125,38.847459518569238],[-77.032427727789624,38.847450598612951],[-77.032433481586096,38.847437264520423],[-77.032438542478815,38.847420147074565],[-77.032441988932405,38.84739933661595],[-77.032445665450396,38.847377805417828],[-77.032449572892432,38.847357445252783],[-77.032452443519119,38.847336995291386],[-77.03245704217909,38.84731672501821],[-77.032461986099236,38.847295733973432],[-77.032467044557691,38.847273301545734],[-77.032471411381692,38.84724987838154],[-77.032475202055238,38.847226095039673],[-77.03247680362044,38.847201501546841],[-77.032478058938807,38.847175466799506],[-77.032482309080947,38.847148800627721],[-77.032488517602232,38.847122223995079],[-77.032495072118508,38.847096548109903],[-77.032502778635845,38.847070961987903],[-77.032510024074668,38.847044745402712],[-77.032515081433459,38.847019970777275],[-77.032519217423086,38.846995646830294],[-77.032522546296946,38.846969701588364],[-77.032525414054959,38.846943035799256],[-77.032527590715588,38.846916550371461],[-77.032528960837126,38.846889704830495],[-77.032532058653402,38.84686231830139],[-77.032538151278217,38.846834300346245],[-77.032545166616529,38.846808804497449],[-77.032553334033167,38.846783578580087],[-77.03256299890937,38.846758172075454],[-77.032571858229389,38.846734567483317],[-77.032579679917092,38.846709071407012],[-77.032586924550799,38.846681233295982],[-77.032594400434192,38.846655286892826],[-77.03260141503543,38.846628259604778],[-77.032607047776622,38.846602313715337],[-77.032611758865954,38.846576187914195],[-77.03261693094025,38.84655051240604],[-77.032622679565108,38.84652609791852],[-77.032629119482806,38.846501953490666],[-77.032635790487447,38.846479340433099],[-77.032640043288879,38.846458709908838],[-77.032644295840669,38.846437538877787],[-77.03264993114702,38.846417268304101],[-77.032655452820705,38.846400420970355],[-77.03265855716144,38.846387447943336],[-77.032660856782286,38.846378078518761],[-77.032663383948986,38.846362493204452],[-77.032667406509844,38.846342223080946],[-77.032671659458913,38.846321952892765],[-77.032675220904352,38.846300962222401],[-77.032679012820523,38.846280151656252],[-77.032684187365092,38.846259971293797],[-77.03268936252563,38.846241142197449],[-77.032695229184057,38.846223033582618],[-77.03269994397138,38.846205105458992],[-77.032705810459078,38.846186636505841],[-77.032711215916009,38.846167627174836],[-77.032715354349108,38.846148888452028],[-77.032719262183747,38.846129699371446],[-77.032723975678607,38.846108978629324],[-77.032728458285376,38.84608717693844],[-77.032734553658599,38.846065464879466],[-77.032741916584243,38.846044653308986],[-77.03274985527284,38.846023391154205],[-77.032756872646758,38.846002669763983],[-77.032763084397857,38.845983570119323],[-77.032768489286667,38.845963389687554],[-77.032772857709929,38.845943840137487],[-77.032775383016926,38.845924291104758],[-77.032778024427202,38.845906723897038],[-77.032781242636332,38.845890958216032],[-77.032786420557912,38.845878254855485],[-77.03279229130024,38.845869154677729],[-77.032798624433255,38.845863567662974],[-77.032805650057128,38.845860863155423],[-77.032813482953102,38.845860140278205],[-77.032821661680984,38.845859957809871],[-77.032827420371163,38.845857704079442],[-77.032829376316442,38.845852568716154],[-77.032828566972086,38.84584608286395],[-77.032824761867133,38.845838066418665],[-77.032818191681585,38.845829149906258],[-77.0328102390814,38.845820053613231],[-77.032805971256352,38.845807803328597],[-77.032805848527261,38.845791407994462],[-77.032808489304003,38.845772489519163],[-77.032811705057327,38.845751408855484],[-77.032816763213646,38.845728796238163],[-77.03282089931561,38.84570510286644],[-77.032824228682415,38.845680598961351],[-77.032826751646269,38.845656005198407],[-77.032830773499398,38.845634383800444],[-77.032836178176879,38.845613843026619],[-77.032843080457141,38.845593482000027],[-77.032848600570745,38.845573481699653],[-77.032851356605079,38.84555474335918],[-77.032853653810534,38.845540239116744],[-77.032854687364093,38.845533302323396],[-77.03285572071006,38.845525915107935],[-77.032859398043442,38.845506636001119],[-77.032865145962163,38.845481050399819],[-77.032869395775762,38.845454204037743],[-77.032873185350311,38.845428528902815],[-77.03287697479756,38.845402583514364],[-77.032882376954362,38.845376637671393],[-77.03288835536631,38.845351322256811],[-77.032895831831141,38.845327177517504],[-77.032904921499849,38.845304113336312],[-77.032912053120981,38.845281590213112],[-77.032921372127177,38.845256273854503],[-77.032930000048808,38.845231137858882],[-77.032936093084814,38.845204651311086],[-77.032940803795199,38.84517816515293],[-77.032945860705979,38.845153030163551],[-77.03294930490641,38.845127895629069],[-77.03295274927072,38.845103121432196],[-77.032956424726223,38.845079878605596],[-77.032960559579678,38.845053662862043],[-77.032968035115246,38.845027626343658],[-77.032975280259066,38.845001589889755],[-77.03298148811875,38.844974382630497],[-77.032987006189202,38.844950148352758],[-77.03299275393411,38.844924382573964],[-77.032998731769254,38.844897986138541],[-77.033004710682945,38.844873931898313],[-77.033009191668484,38.844848977236708],[-77.033012750899871,38.844823572413219],[-77.033015619221857,38.844798708291691],[-77.033019293891186,38.844773843941915],[-77.033023545605062,38.844751321624571],[-77.033028834508983,38.844729789942541],[-77.033035389653506,38.844706366128221],[-77.03304459493279,38.844684472998999],[-77.03305299435894,38.844663661110708],[-77.033059665558099,38.844642129035535],[-77.033064147511283,38.844619336397621],[-77.033064828735647,38.844597896103089],[-77.033066086464416,38.844577626743131],[-77.033068265356121,38.844556546362],[-77.033072979689209,38.844538077711753],[-77.033081497246187,38.844523661784208],[-77.033091628703474,38.844511857847877],[-77.033105217305675,38.844503025717408],[-77.03311800035236,38.844495905418718],[-77.033131820712541,38.844490046006662],[-77.03314863724151,38.844486708107041],[-77.033166491294821,38.844485081514989],[-77.033181696008228,38.844483635842295],[-77.033195518497195,38.844482370729629],[-77.033207497070947,38.844479304450687],[-77.033216825047504,38.844473716559875],[-77.033222811901723,38.844466958521338],[-77.033221426492148,38.844460292665424],[-77.033212553167729,38.844452728095696],[-77.033199071401668,38.844443543315784],[-77.033184322608449,38.844434539063435],[-77.033170955246391,38.844423642642923],[-77.033161041938087,38.844409051776594],[-77.033158038489191,38.844390855568221],[-77.033162636131308,38.84436923399079],[-77.033169422085294,38.844346891115521],[-77.033175632577169,38.844325629416929],[-77.033184608050405,38.844305177692064],[-77.033195771663316,38.844283644330559],[-77.03320912379067,38.844261840091889],[-77.033224664178547,38.844239224468595],[-77.033238245749658,38.844215438302875],[-77.033250445135764,38.84419192278262],[-77.033260571397435,38.844169128527504],[-77.03326931539354,38.844146424749866],[-77.033278174281875,38.844123090347452],[-77.03328599690137,38.844100747168945],[-77.033292206875004,38.844078494534287],[-77.033298762167448,38.844055701293883],[-77.033307967282056,38.844033808141603],[-77.033317517965642,38.844011914889876],[-77.033327989838995,38.843989300698482],[-77.03333823115446,38.84396632623406],[-77.033348356977243,38.843942721210418],[-77.033357100581057,38.843919296749668],[-77.033364577537341,38.843896863579481],[-77.033372284829483,38.843874340258374],[-77.033382295268225,38.843850374926468],[-77.033392306037371,38.843827130269297],[-77.033403123307068,38.843804245718275],[-77.033413709892216,38.84378073064088],[-77.033424642676565,38.843758566730408],[-77.033435230429333,38.843737574015819],[-77.033445357327167,38.843716401263286],[-77.033458133823757,38.843695678172686],[-77.033472062011512,38.843674504328057],[-77.033483455356262,38.84365197994169],[-77.033491853856773,38.843629726666911],[-77.033496797301879,38.843608915734656],[-77.033500703772745,38.843587564592852],[-77.033506913888488,38.843565852451704],[-77.033514967349021,38.843544770372205],[-77.033528089197631,38.843523686836328],[-77.0335433994927,38.843502242332086],[-77.033560437638712,38.843480797328979],[-77.033576899906038,38.843459532657924],[-77.033591288139178,38.843437007398684],[-77.033602220264498,38.843413672372272],[-77.033613037785926,38.843391598560466],[-77.033625468179906,38.843369974705361],[-77.033637438186432,38.843349161741813],[-77.033645261160615,38.843327989634503],[-77.033654697050551,38.843307357568463],[-77.033664478166273,38.843286004726124],[-77.033671955129634,38.843263931871803],[-77.03367862630877,38.843243030347658],[-77.033685758500113,38.843222669196898],[-77.033693581786281,38.843202217761686],[-77.033693926931775,38.843201316817215],[-77.033701865658671,38.843181405854935],[-77.033710149994093,38.843161584876682],[-77.033720277196764,38.843141403027538],[-77.033730865537223,38.843122031804498],[-77.03374191467482,38.843102750531706],[-77.033751696928974,38.84308392004656],[-77.033761710410033,38.843066891183291],[-77.033773222037993,38.843051303237409],[-77.033784042435897,38.843035535321448],[-77.033796245065616,38.843019676919731],[-77.033810406131707,38.843004268371899],[-77.033823184827668,38.842988680053892],[-77.033832967941237,38.842971741335504],[-77.033841483577831,38.842953992223343],[-77.0338496534699,38.842935882872887],[-77.03385644099518,38.842917593753775],[-77.033863804551132,38.842899484636071],[-77.033872089834716,38.842881825672841],[-77.033880260480316,38.842865337840522],[-77.033889007669117,38.84285011102304],[-77.033897063416916,38.842834253814218],[-77.033904312448925,38.842817586078773],[-77.033911100505264,38.842800468054307],[-77.033915585452036,38.842784792050452],[-77.033919609553053,38.842768936011332],[-77.033922596604398,38.842752359597512],[-77.033924431631107,38.842735513264941],[-77.033926842561414,38.842718576680412],[-77.033930635849217,38.842701819862938],[-77.033936156976239,38.842685062542941],[-77.033941909078948,38.842669566338287],[-77.033945702917507,38.84265398061838],[-77.033947653296948,38.842637494589603],[-77.033948106643066,38.842621909841057],[-77.033948216091915,38.84260983848759],[-77.033948556947408,38.842599929094547],[-77.033947631235236,38.842591101083755],[-77.033946243909568,38.842580471517365],[-77.033945310487553,38.842555428300514],[-77.03394622600392,38.842542816205523],[-77.033947370313285,38.842526870917801],[-77.033949089239584,38.842508132843705],[-77.033952189063015,38.842486511664085],[-77.03395505910629,38.842466151734051],[-77.033957122439233,38.842444981278128],[-77.033957457293639,38.842422460057591],[-77.033957101956887,38.842401920896648],[-77.033956400496578,38.842380210737893],[-77.033956158806703,38.842356428501915],[-77.033958337110704,38.842334807589673],[-77.033960285035832,38.84231318674437],[-77.033961080215079,38.842289764544454],[-77.033963027880915,38.842267603192084],[-77.033966127818246,38.842246252264701],[-77.033969110893267,38.842221388075835],[-77.0339727857409,38.842197874952916],[-77.033975654266143,38.842174362064505],[-77.033977254643773,38.842148597432654],[-77.033980123251311,38.842125264712934],[-77.033982646205857,38.842101751924652],[-77.0339841314767,38.84207616749493],[-77.033985502501537,38.842052564957285],[-77.033987333764259,38.842027881271534],[-77.033988934220147,38.842002296807905],[-77.033992493818772,38.841978693632626],[-77.033995706692224,38.84195265827659],[-77.033999611550428,38.841928424408778],[-77.03400593685862,38.8419073427931],[-77.034011108350768,38.841882207710704],[-77.034015358806954,38.841858063825931],[-77.034017997572406,38.841835902269622],[-77.034017870064446,38.841810048054874],[-77.034015900794458,38.841786806827379],[-77.034013817024444,38.841765006985128],[-77.03401230756424,38.841739783764353],[-77.03401460084855,38.841717802477397],[-77.034018968670892,38.841698252867261],[-77.034025063963909,38.841677982077329],[-77.03403277325603,38.841660593520551],[-77.034041636869929,38.84164833944326],[-77.034050731586703,38.841637616734431],[-77.034062822040298,38.841628694840786],[-77.034078714071043,38.841620582596498],[-77.034094952349648,38.841613911600945],[-77.034109003092723,38.841609403270532],[-77.034120750382456,38.841605526203359],[-77.034130079462429,38.841603181278714],[-77.034135952697184,38.841600386941529],[-77.034138484714475,38.841595972060269],[-77.034138942751028,38.841590296602476],[-77.034138248911319,38.841584621481601],[-77.034137669871697,38.841578135566607],[-77.0341321396605,38.841575614817778],[-77.034131098966697,38.841567237263114],[-77.034131324388852,38.841556877479128],[-77.034132125274994,38.841545526597244],[-77.034132696044267,38.841534716289686],[-77.034133151884234,38.841524446522712],[-77.034133492235114,38.841513546197973],[-77.034134062271605,38.841501204453991],[-77.034135208072968,38.841488502203532],[-77.034136929768067,38.841475709700056],[-77.034138536232021,38.84146282714579],[-77.034140257839724,38.841449854473233],[-77.03414197957602,38.841437152054162],[-77.034143470333888,38.841423188519492],[-77.034144616778619,38.841411837536178],[-77.034144960574125,38.84140814397081],[-77.034147601997304,38.84139165773319],[-77.034150820002125,38.841376522594395],[-77.03415438348118,38.841361207185322],[-77.034157715765232,38.841344180238146],[-77.034160586307465,38.841325081482225],[-77.034163688127762,38.841307874433205],[-77.034166675621805,38.841292469107664],[-77.034169547884261,38.84127697373129],[-77.034173341211002,38.841260577239986],[-77.034179439614434,38.841246972693348],[-77.034187036870748,38.841236340496202],[-77.034195556829403,38.84122823039452],[-77.034204884476509,38.841223002759804],[-77.034214673733729,38.841219576679251],[-77.034225039141205,38.84121660085151],[-77.034235749288001,38.841211913315966],[-77.034244730461452,38.841204794004973],[-77.034253134574456,38.84119533266535],[-77.034261538685143,38.841185871325138],[-77.034268560593375,38.841176500474589],[-77.034273508875302,38.841166589725503],[-77.034277534838594,38.841154967641316],[-77.034280754232711,38.841142805286786],[-77.034281784296269,38.841129022053984],[-77.034280279859118,38.841114428804978],[-77.034277623684048,38.841100106147678],[-77.034273124866971,38.841086504707462],[-77.03426782004675,38.841073534095223],[-77.034261938386649,38.841058671877363],[-77.034254328668567,38.84104326965921],[-77.034244992060351,38.841029759721984],[-77.034233582656739,38.841017421490591],[-77.034221366907005,38.841004993410003],[-77.034210762997745,38.840990943334447],[-77.034202001992625,38.840976712548837],[-77.03419612182141,38.84096491320043],[-77.034194043370803,38.840954283836709],[-77.03419484514626,38.840944824727821],[-77.034198180983054,38.84093527479201],[-77.034201286273102,38.840925364585495],[-77.034203931420464,38.840916715697006],[-77.034207038090173,38.840909688194429],[-77.034211988175301,38.840903560996608],[-77.034219011703101,38.840897613359687],[-77.034227302497172,38.840892115773343],[-77.034232369493751,38.840889591920941],[-77.034236054597599,38.840887789149797],[-77.034246074223617,38.840884453083362],[-77.03425828338618,38.84088318831725],[-77.034273372729302,38.840883003718353],[-77.034289153926949,38.840884350351004],[-77.034305051004168,38.840887138299749],[-77.034322100207561,38.840890466414578],[-77.034339033966006,38.840893254053839],[-77.034354700327384,38.840895321387542],[-77.034370825830948,38.840894055456886],[-77.034387641888884,38.840891618221868],[-77.034405954328193,38.840887018514948],[-77.034427376061657,38.840880886451345],[-77.034446724348001,38.840874574826728],[-77.034464574554534,38.8408669123735],[-77.034483576708766,38.840859429746253],[-77.034502693827818,38.840851496659297],[-77.03451835312849,38.840838970281624],[-77.034532974046698,38.840822930912886],[-77.034544830267578,38.840806441937964],[-77.034552538379771,38.840787071485344],[-77.034557250292238,38.84076490929926],[-77.034558967489744,38.840743018253164],[-77.034559994833558,38.840723739862227],[-77.034559408349054,38.840701939582644],[-77.034557784142876,38.840677977581734],[-77.034556276214019,38.840656267659263],[-77.034554650963457,38.840630143630015],[-77.034553256129797,38.840604109616926],[-77.03455186282315,38.840581228561426],[-77.034549891800026,38.840554654211559],[-77.034548267426018,38.840530331871953],[-77.034545837100723,38.84050673044689],[-77.034543290545059,38.840480967027631],[-77.034543164941624,38.840459436864222],[-77.034543844374454,38.840435294011364],[-77.034545674574403,38.84040889870478],[-77.034549465196434,38.840387187212933],[-77.034552564833149,38.840365746179032],[-77.034554281106864,38.840341963356863],[-77.034555423195769,38.840321784085575],[-77.034553454968986,38.840300975143293],[-77.03455160031568,38.840276833039965],[-77.034551705647871,38.840256473906344],[-77.03455204139442,38.84023620478893],[-77.034552951236563,38.840212151951469],[-77.034556050995363,38.840190981170402],[-77.034563413569259,38.840171790986432],[-77.034571926160069,38.840148816911238],[-77.034582167309807,38.840127463844709],[-77.034595289437519,38.840108902543598],[-77.034610253779221,38.840088809257772],[-77.034626139113314,38.840067724766897],[-77.034645828258007,38.840052224385481],[-77.03467047276051,38.840041677177837],[-77.034695349158198,38.840034282854525],[-77.034721493769922,38.840029320430837],[-77.034751324257272,38.84002426681942],[-77.034780693517376,38.840018222408005],[-77.03481006105936,38.840008664693123],[-77.034842653335488,38.839998205162935],[-77.034873518398527,38.83998891723855],[-77.034906802735563,38.839980439343279],[-77.034941815192653,38.839972681597381],[-77.034973948370165,38.839965645380005],[-77.03500803827248,38.839955725861955],[-77.035039593211721,38.839944005404412],[-77.03506872806183,38.839929853383154],[-77.035098207968019,38.839914710321025],[-77.035124924133257,38.839901009435657],[-77.03515106591621,38.839890461675672],[-77.035178362336751,38.839885588887142],[-77.035203470329861,38.839880896921393],[-77.035227655640526,38.839873772946412],[-77.035252876764901,38.839864937047494],[-77.035277867335196,38.83985574087469],[-77.035301359962091,38.839845464135209],[-77.035325888353753,38.839833385386868],[-77.035351452953975,38.839820405474207],[-77.035376442513993,38.839809227420844],[-77.03540362155897,38.839800030557662],[-77.035431030966421,38.839790833618217],[-77.035455214344921,38.839779926046248],[-77.035478822105915,38.839769649235919],[-77.035503582737249,38.839761444014343],[-77.035527768560385,38.839755491075799],[-77.035549997496318,38.839752061095169],[-77.035572803655185,38.839751243385798],[-77.03559468918958,38.839752137558833],[-77.035613926690601,38.839755464818197],[-77.035632473535145,38.83975969313056],[-77.035652401338268,38.839761398651213],[-77.0356757829271,38.839759589816111],[-77.035700084730735,38.839755258327969],[-77.035720698729236,38.839747144413117],[-77.035742346723907,38.83973371519054],[-77.035768027841613,38.839723617855789],[-77.035794056538336,38.839717574212678],[-77.035820199782549,38.839710269345183],[-77.035849221821678,38.839701342066036],[-77.035877093003762,38.839694396993146],[-77.03590450294395,38.83968646112568],[-77.035933754152992,38.839675191557127],[-77.035959893782703,38.839660769981251],[-77.035985341976954,38.839645718020947],[-77.036012863889908,38.839631476175995],[-77.036037621365324,38.839617235178146],[-77.036061573358879,38.83960461594544],[-77.036091170381596,38.839593976822172],[-77.036119271183438,38.839585680352329],[-77.036145874262587,38.839576753747757],[-77.036176163417196,38.839568186332848],[-77.036205072088507,38.839563042550594],[-77.036234096671421,38.839559340077784],[-77.036265540442969,38.83955626743785],[-77.036293759645545,38.839554366891136],[-77.036322440317392,38.839553907546545],[-77.0363535408692,38.839555429300987],[-77.036380494326735,38.839556051494505],[-77.036405719606151,38.839555863460035],[-77.036433824310237,38.839555314183229],[-77.03645905050935,38.839556927827644],[-77.036480937008008,38.839559803694016],[-77.03650420654985,38.839564300645364],[-77.036511809270237,38.839565379281709],[-77.036530124966205,38.839568076086749],[-77.036550860088653,38.839571853145721],[-77.036568025466693,38.839577523094697],[-77.036584844278693,38.839581211290024],[-77.036602813596929,38.839582286670606],[-77.036618361733161,38.839578858581284],[-77.036629645180454,38.839569846587203],[-77.036635514451802,38.83955984536172],[-77.036634932797924,38.83954867506192],[-77.036634350589438,38.839536423747866],[-77.036641486283642,38.839525251025492],[-77.036658296945959,38.839513084334513],[-77.036677755266794,38.83949785393488],[-77.036698249820645,38.839481812445314],[-77.036717361645216,38.839464780457206],[-77.036735782123941,38.839447298260851],[-77.036757198494414,38.839431977146923],[-77.036781726822667,38.839420528683526],[-77.036806257047147,38.839412773680372],[-77.036970384424308,38.839393443717029],[-77.037045712055487,38.839388104844765],[-77.037072664146166,38.839386204511882],[-77.037107678792253,38.839383671017906],[-77.03714419082867,38.839381137036888],[-77.037179666159048,38.839378513290171],[-77.037219633617909,38.839375798015752],[-77.037252229952699,38.839374346264009],[-77.037285633468528,38.839374605851553],[-77.037317770289562,38.839375496426293],[-77.037342190298105,38.839377380391262],[-77.037365458608861,38.839379534973475],[-77.037386192871608,38.839381690362735],[-77.037401742531216,38.839381325042751],[-77.037411761703467,38.839377808534707],[-77.037418554635423,38.839372221115781],[-77.037420394463751,38.839366274946393],[-77.037420852461182,38.839361049896361],[-77.037424651267486,38.839356724620487],[-77.037436513284888,38.839353027350327],[-77.037459663145086,38.839348966118578],[-77.0374869597686,38.839345173804062],[-77.037513450716631,38.839342552841124],[-77.03754074842432,38.83934083245807],[-77.037569889453877,38.839339832151623],[-77.037590621908805,38.839338564292667],[-77.037597417479759,38.839338021596639],[-77.03760905063578,38.83933720708788],[-77.037632662404022,38.839335397786435],[-77.037661226892396,38.839333226544063],[-77.037689215506646,38.839331145565218],[-77.03772181095475,38.839328072160889],[-77.037753484404277,38.839324008115767],[-77.037783084872615,38.83932057532494],[-77.037814644085714,38.839318312990997],[-77.037828811187651,38.839317317470268],[-77.037840789841781,38.839316412741873],[-77.037861752461936,38.839314784421994],[-77.037890547016104,38.839312072541645],[-77.037918074066198,38.839308460220565],[-77.037943297291108,38.839304578388315],[-77.03797347303906,38.839299974263128],[-77.038003649022798,38.839295820552771],[-77.038029909277796,38.839292659040453],[-77.038059624327417,38.839288145127639],[-77.038088648702484,38.83928444219351],[-77.038112951256011,38.839282092062199],[-77.03813713958651,38.839281543653946],[-77.038157183799882,38.839285680991665],[-77.038171124713188,38.839292522858251],[-77.038181149182904,38.839299005666305],[-77.03818886848174,38.839302696606993],[-77.038197508288988,38.839304585555098],[-77.03820833519346,38.839303861335011],[-77.038223883577899,38.839301153707893],[-77.038246112098065,38.839297452959997],[-77.03827179627838,38.839294021328428],[-77.038297941868493,38.839291850723335],[-77.038328003710035,38.839289678826418],[-77.038357950414181,38.839287597044162],[-77.038385247741545,38.839285245871956],[-77.038409089404581,38.839282625576935],[-77.038417267025352,38.839281812124689],[-77.038445025035529,38.839279370702315],[-77.038458270698342,38.83927846549323],[-77.038459998602406,38.839278735177473],[-77.038530602392157,38.839271415043392],[-77.038551449750855,38.839269696553117],[-77.03857782510714,38.83926644479498],[-77.038603740115235,38.839263913859419],[-77.038623321422151,38.839263997465892],[-77.038636338905931,38.839267146116406],[-77.038649011278181,38.839271105640613],[-77.038665598684318,38.839272811753048],[-77.038688979939138,38.839270822145181],[-77.038715356022351,38.839268921623798],[-77.038744957154933,38.83926683985684],[-77.038778935126203,38.839264486374624],[-77.038808190850375,38.839262674960025],[-77.03884251436908,38.839260321344469],[-77.03887603154952,38.839257877902774],[-77.03890482663131,38.839256246786441],[-77.03893753860153,38.83925578545545],[-77.038968639079187,38.839257306513161],[-77.038998012636711,38.839260359576805],[-77.039031762937597,38.839262960746829],[-77.039062979097153,38.839265382586184],[-77.039094080518936,38.839268615216426],[-77.039127023799466,38.839269865361103],[-77.039154784547577,38.839272468503246],[-77.039164806039722,38.839273365986323],[-77.039177592044325,38.839274442709744],[-77.03918738292208,38.839274889845598],[-77.03920143491132,38.839274074366017],[-77.039220325167889,38.839274248188921],[-77.03924117429338,38.839275772618315],[-77.039267552742047,38.839278196029326],[-77.039298539044282,38.839281518728384],[-77.039326530816055,38.839285292850931],[-77.039354637377372,38.83928834625172],[-77.039384356366924,38.839291128848046],[-77.039410619393522,38.839293101842969],[-77.039437227426021,38.83929408378544],[-77.039467405911779,38.839294614091848],[-77.039492977290365,38.83929559637216],[-77.039516704978823,38.83929522800296],[-77.039544233287387,38.83929404758053],[-77.039570840423323,38.839293407971105],[-77.039593645740027,38.839291418377243],[-77.039619099535628,38.839288076611886],[-77.039646626939259,38.839285274643835],[-77.039670584240469,38.839283554897278],[-77.039692929066192,38.839282015863255],[-77.039702950366063,38.839282552962061],[-77.03970951624926,38.839283271404717],[-77.039718155342626,38.839283808972453],[-77.039728176793332,38.839284616322651],[-77.039738774163823,38.839285423475921],[-77.039750178223173,38.839286951029806],[-77.039762618787663,38.839288207975841],[-77.0397755196867,38.839288744087341],[-77.039791875701638,38.839288558343242],[-77.039809728504579,38.839287291071841],[-77.039827466474691,38.839286654428683],[-77.039843132039138,38.839287640012017],[-77.039857646116943,38.83928925657824],[-77.039872620578862,38.839290242393609],[-77.039887249036568,38.83929041756447],[-77.039903950250888,38.839289601094897],[-77.039920651313636,38.83928851436935],[-77.039935624617371,38.839287428232595],[-77.039945299712812,38.839286794330008],[-77.03995359260125,38.839286160899825],[-77.039959927464068,38.839285708308431],[-77.039968220453119,38.839285255046207],[-77.039977780717223,38.839285251772033],[-77.039990450896354,38.839285157347014],[-77.04000461816328,38.839284521900296],[-77.040018554961208,38.839283706361776],[-77.040029613120979,38.839284603415216],[-77.040040901244652,38.839284779712337],[-77.040052765085662,38.839284595472662],[-77.040062325956399,38.839285673205858],[-77.04006981321362,38.839286211142905],[-77.040073038666407,38.839286750542776],[-77.040101952306657,38.839291154754655],[-77.040108173402047,38.839293224561487],[-77.040117965857476,38.839296464239482],[-77.040128910507448,38.839300334112316],[-77.040140201368985,38.839305374964077],[-77.040151952866424,38.839310235487268],[-77.040164969919331,38.839312483122029],[-77.040177410749038,38.839314190446444],[-77.040188815329472,38.839316618802691],[-77.04020010482823,38.83931922736658],[-77.040212545507742,38.839320664433707],[-77.040225216200398,38.839321470828473],[-77.040237656880805,38.839322907892928],[-77.040249406407071,38.839324255109815],[-77.04026104049592,38.839325151942703],[-77.040273365993727,38.839326589043097],[-77.040285346245099,38.839328566768586],[-77.040296749814487,38.839329193423808],[-77.040308843521657,38.839328108233325],[-77.040321167545471,38.839326932877533],[-77.040333145966088,38.839325667555279],[-77.040343972750165,38.83932476296804],[-77.040354454542296,38.839324849429033],[-77.04036436092386,38.83932583693349],[-77.04037357655848,38.839327455267792],[-77.040381871486019,38.839330425188052],[-77.040388670041779,38.839335197316295],[-77.040393627081713,38.83934249244863],[-77.040396510402687,38.839349067622123],[-77.04040826284259,38.839355549640807],[-77.040418631291359,38.839358879178718],[-77.04042899984303,38.839362388884716],[-77.040439598661777,38.839365718340957],[-77.04044800944402,38.839369859315354],[-77.040456074419936,38.839373549986327],[-77.04046494542969,38.839376789954578],[-77.040472779834829,38.839380120366158],[-77.040479576102911,38.839380838685592],[-77.040488214805166,38.839380655520152],[-77.04049835258644,38.839383444623728],[-77.040508606268233,38.839387494869783],[-77.040518284286492,38.839391995737437],[-77.04052750126273,38.839395956257121],[-77.040536487616095,38.839399466433505],[-77.040544897794106,38.839402526386628],[-77.04055042898429,38.839406668353909],[-77.040558263652585,38.83941044918231],[-77.040567365346945,38.839414229569861],[-77.040576235854871,38.839416568684449],[-77.040584530186692,38.839418457575981],[-77.040592824518939,38.83942034646693],[-77.040601580612744,38.839424036887458],[-77.040610107210384,38.839429258824346],[-77.040619209627451,38.839434300391083],[-77.040628656983074,38.839438260822611],[-77.040637644115918,38.839443122258984],[-77.040646631301257,38.839448073779195],[-77.04065561802615,38.839452214537999],[-77.040664603982322,38.839455004028324],[-77.040672668465831,38.839457793839046],[-77.040678774767429,38.839460494247184],[-77.0406848813262,38.839463645077565],[-77.040692370301215,38.839467155763856],[-77.040700205086367,38.839471116751767],[-77.0407086163071,38.839475978383476],[-77.040718179319882,38.839480749528256],[-77.040728662985401,38.839484078998353],[-77.040739146240739,38.839486687791343],[-77.040749859505311,38.839488665911311],[-77.040760572924796,38.839490914283886],[-77.04077117152076,38.83949379328736],[-77.040780387958222,38.839496762857323],[-77.0407882224427,38.83950018333217],[-77.040795250638141,38.839503604088314],[-77.040802161281704,38.839502880996427],[-77.040808839805791,38.839499095110952],[-77.040815863572888,38.83949476859712],[-77.040824731059672,38.839491792706141],[-77.040835212464586,38.839491158447785],[-77.040846617198738,38.839493766908745],[-77.040856756041279,38.839498357671538],[-77.040864591148363,38.839502859155502],[-77.040868971244194,38.839508262694153],[-77.040870126542103,38.839514297953656],[-77.040870130358343,38.839520964208077],[-77.040870248843163,38.839526729577003],[-77.040873246213621,38.839531232754268],[-77.04088050509425,38.839535193931724],[-77.040889722109156,38.839539154422724],[-77.040897903756203,38.839545367389228],[-77.040905855294227,38.839552030858464],[-77.040912540167227,38.83955932536297],[-77.040919224680152,38.839565989275414],[-77.040926139511456,38.839572563022188],[-77.040933860118187,38.839578235640573],[-77.040934483962957,38.839581460448215],[-77.041054736650239,38.839621812118246],[-77.04109342565944,38.839619285144693],[-77.041099858645865,38.839609166386218],[-77.041105613873384,38.839602227850179],[-77.041111138782881,38.839595379479512],[-77.041117816002156,38.839589341463494],[-77.041125760352301,38.839583483169655],[-77.041134396015067,38.8395779849698],[-77.041143722886559,38.839572666694721],[-77.041154547568738,38.839568068567111],[-77.041165602566295,38.839563380272651],[-77.041177234367396,38.839560223210846],[-77.041190018530756,38.83955796658654],[-77.041202686469006,38.839553908311153],[-77.041214779264365,38.8395512015055],[-77.041226181837061,38.839550026379577],[-77.041238045146784,38.839548851089695],[-77.041249793219748,38.839547585754822],[-77.04126211721389,38.839546320215199],[-77.04127455644398,38.839545144718045],[-77.04128722599026,38.839543879053551],[-77.041299780351679,38.839542613428428],[-77.041311182973814,38.839541528378696],[-77.04132316141289,38.839540262954863],[-77.041335485456628,38.839539087492014],[-77.041348270185011,38.839537821780091],[-77.041361630782376,38.839536465778174],[-77.041375797669289,38.839535109488892],[-77.041388927896961,38.83953375356549],[-77.041400791201298,38.839532578259117],[-77.041413000423958,38.839532033420525],[-77.041426016354634,38.839532208970653],[-77.041439722659248,38.839531123090723],[-77.0414523922,38.83952985740828],[-77.041464371105576,38.839529402730662],[-77.041475429059801,38.839529849224483],[-77.041486256331609,38.839529755291984],[-77.041498235132138,38.83952912044186],[-77.04151055922344,38.839528035045021],[-77.04152484123783,38.839526588612166],[-77.041539354039486,38.839525862771723],[-77.041552830391979,38.839525497636615],[-77.041564924218122,38.83952459248507],[-77.041576557149412,38.839523417242866],[-77.041589227053834,38.839522782137209],[-77.041603049483342,38.83952331771836],[-77.041618138730087,38.839523492508071],[-77.041633342898578,38.839523216832092],[-77.041646934592023,38.839523121898601],[-77.041660065600865,38.83952311721248],[-77.04167354200483,38.839522842148014],[-77.041686903329534,38.839522747292079],[-77.041700494917677,38.839522472183319],[-77.041714432321569,38.839522647372071],[-77.041727563488294,38.83952291293194],[-77.041739427996589,38.839523809535059],[-77.041751292663264,38.839524976390528],[-77.041763502619716,38.839525692698565],[-77.041775827760674,38.839526408964105],[-77.041788960035646,38.839528566291918],[-77.041802439182916,38.839532975607533],[-77.041815918859569,38.839538285766757],[-77.041827670298431,38.839542785782925],[-77.041839190630952,38.839546024697214],[-77.041851516726766,38.839548362476094],[-77.041863842664895,38.839550430000095],[-77.041875708024847,38.839552767941669],[-77.041888380363147,38.839556276691397],[-77.041901974388963,38.83956014544701],[-77.04191464641255,38.839563113686779],[-77.041927087433578,38.839565000993709],[-77.041939528349516,38.83956670813027],[-77.041952200058134,38.839569135858838],[-77.041966023664301,38.839571653256449],[-77.04198053753008,38.83957272905149],[-77.041994591135733,38.839574615771205],[-77.042008299931155,38.839577763796882],[-77.04202258443749,38.839580551275475],[-77.042035601598556,38.839582798701549],[-77.042048964207495,38.839584865832649],[-77.042063133479388,38.839587563263265],[-77.042076957199228,38.839590260816749],[-77.042089744101162,38.83959268848885],[-77.042101494291131,38.839595026448961],[-77.042112783850655,38.839597544743206],[-77.042124419070433,38.839600243080667],[-77.042138242901387,38.839603120795921],[-77.042152988421506,38.8396063585148],[-77.04216807933669,38.839609325853409],[-77.042182593958344,38.839611662806639],[-77.042196071761353,38.839613729879254],[-77.042208627983143,38.839615617114504],[-77.042221760234298,38.83961768430909],[-77.042236159515099,38.83961975104372],[-77.042251825985602,38.839622087571513],[-77.042266917068147,38.839625325150919],[-77.042280395783138,38.839628923650572],[-77.042292606723237,38.83963126142455],[-77.042303550154557,38.83963278889582],[-77.042316221513559,38.839634585993252],[-77.042331196883168,38.839636922760917],[-77.042347554039836,38.839638538349035],[-77.042362989507737,38.839639793931255],[-77.042377503767653,38.839641500268613],[-77.042390866718407,38.83964410786762],[-77.042405611937411,38.839646805047472],[-77.042421508627797,38.839648871215203],[-77.042437519914557,38.839649946409203],[-77.042452033535511,38.839650571723062],[-77.042465856371322,38.839651737793687],[-77.04247864281507,38.839653354662531],[-77.042492466134433,38.839655331490583],[-77.042506865806104,38.839658028783461],[-77.042521841133109,38.839660275442142],[-77.042536470639149,38.839662071802245],[-77.042549948247157,38.839663778495925],[-77.042561467933808,38.83966584624018],[-77.042572296567783,38.839668004319854],[-77.042581626782606,38.839668451339016],[-77.042587500870837,38.839667908688632],[-77.042600863995403,38.839670786517182],[-77.042613765468815,38.839672133075631],[-77.042627012980489,38.839674290267077],[-77.042639569654668,38.83967689813209],[-77.04265155056855,38.839679776459747],[-77.042662725353068,38.839682925334465],[-77.042675627853072,38.839685983491876],[-77.042690488329924,38.839688770678109],[-77.042707306568246,38.839690926554411],[-77.042723778930437,38.839692542047636],[-77.04273886961785,38.839695058889859],[-77.042752924184782,38.839698476955],[-77.042766518446413,38.839702615863388],[-77.042780343240679,38.839707024939322],[-77.042794859468302,38.839711974267303],[-77.042807647766836,38.839716653973625],[-77.042819514319959,38.839720883593998],[-77.042831150343261,38.839724843044181],[-77.042842901011753,38.839727901605762],[-77.042855458298163,38.839731500377184],[-77.04286859161715,38.839735279104787],[-77.042882531229978,38.839739057534644],[-77.042895318348315,38.839741755371996],[-77.042906377914534,38.839744814181188],[-77.042915825059055,38.83974814383577],[-77.042924926812958,38.839751743870238],[-77.042934604545238,38.839755433776624],[-77.042946241014008,38.839760113891444],[-77.042959951350639,38.839765694087141],[-77.042973430940421,38.839770643774415],[-77.042982071527476,38.839773523297922],[-77.043023319590233,38.839793326698512],[-77.043037609718525,38.839805302673298],[-77.04305155728521,38.839822233422012],[-77.043064700086447,38.839841686832919],[-77.04307761279702,38.839861590749869],[-77.043085803587658,38.839882577422884],[-77.043089502769988,38.8399045566834],[-77.043093315399616,38.839923653196735],[-77.043105765598099,38.839940584491536],[-77.043124781673313,38.839958053866368],[-77.0431449506424,38.839977234418051],[-77.043162700355012,38.839995785269096],[-77.043177799839341,38.84001271557625],[-77.043190019212759,38.840028836186413],[-77.043196596918648,38.840048922602698],[-77.043201909662827,38.840072432698946],[-77.043212749283271,38.840092607621116],[-77.043226121457749,38.840110259237512],[-77.043239724500438,38.840128721527563],[-77.043253787254329,38.840145472039566],[-77.043260479573831,38.840164567479555],[-77.043260260775639,38.840183665480836],[-77.043254051082101,38.840200693758177],[-77.043247956952996,38.840218352584003],[-77.043248546250325,38.840240423075102],[-77.043252477236734,38.840264654356517],[-77.043259055091085,38.840284920937535],[-77.043275420608268,38.840300049071523],[-77.043290864593203,38.840315087460461],[-77.04329813341279,38.840335083529233],[-77.043302639092715,38.840357242651301],[-77.04331151991795,38.840376247191273],[-77.043324545847625,38.840392637740742],[-77.043334462479734,38.840410200541989],[-77.043344148854686,38.840427943596893],[-77.043351069900552,38.840444246325617],[-77.043357873684741,38.840457125885507],[-77.043363293381233,38.840466943085339],[-77.043364679769653,38.840473788994196],[-77.043365489189469,38.840478923511391],[-77.043366529528214,38.840484958787989],[-77.043367339057738,38.84049027347416],[-77.043364699906334,38.840506940091757],[-77.043358368403545,38.840513068191584],[-77.043351462939583,38.840522439547065],[-77.04334709211092,38.840532710806151],[-77.043345485196369,38.840542080193387],[-77.043347908476775,38.840549286055357],[-77.043353671110935,38.840554779070992],[-77.043361390375196,38.840557748992879],[-77.043370835733072,38.840557925652561],[-77.043379472928194,38.840555039738071],[-77.043387763086642,38.840549721669802],[-77.043396743373648,38.840542781822933],[-77.043405838406784,38.840535121256487],[-77.043415163426204,38.840526830012095],[-77.043426101155632,38.840518718336],[-77.04343888251438,38.840511686987064],[-77.043452124614049,38.840504655465161],[-77.043463984151785,38.840497083949472],[-77.043474691334808,38.840488702101069],[-77.043483901209214,38.840480500978515],[-77.043492420021522,38.840472390197277],[-77.043501629397767,38.840463378312805],[-77.043511068868767,38.840453915919198],[-77.043521314363119,38.840444002801611],[-77.043531329757798,38.840434540191552],[-77.043540424213219,38.84042597876946],[-77.043548711432194,38.840415886210863],[-77.043556652651972,38.840405073104598],[-77.043564940251031,38.84039561113633],[-77.043574494890422,38.840386148694506],[-77.043584509994858,38.84037623565726],[-77.043593833872691,38.840366142708277],[-77.043602697555485,38.840356950775714],[-77.043610869957234,38.840347488847165],[-77.043620424804203,38.840338386739511],[-77.043629404161237,38.840330005522389],[-77.043639305551409,38.840322524805089],[-77.043651050073819,38.840315313651274],[-77.043664983009137,38.840307921508497],[-77.043679260891949,38.840299538305196],[-77.043692501550282,38.840290254643165],[-77.043704475660931,38.840281782214596],[-77.043715759041859,38.840273940635136],[-77.043727963849065,38.840266008624894],[-77.043740168487986,38.840257806359837],[-77.043753064899306,38.840250684848506],[-77.043765962302118,38.840245184856897],[-77.043778744738475,38.840240045245096],[-77.043791757378131,38.840234635291893],[-77.04380661259566,38.840228594054047],[-77.043821812979857,38.840221922092972],[-77.043836091435509,38.840214529799958],[-77.043848873252699,38.840208399250848],[-77.043862002062866,38.840204610767707],[-77.04387789664959,38.840202983272071],[-77.043896556903249,38.840203336593824],[-77.043915794358597,38.84020576163956],[-77.043931692935544,38.840210620221178],[-77.043944597914177,38.840217461787411],[-77.04395681111707,38.840223222598382],[-77.04396902365626,38.840227902393956],[-77.043983308813296,38.840231410308412],[-77.043998744882202,38.840233386350228],[-77.044014179341431,38.84023274993929],[-77.044029037039806,38.84023076247599],[-77.044043664088619,38.840228324675159],[-77.044058636136825,38.840224985896974],[-77.04407475992646,38.840221466512929],[-77.044091574270638,38.840217046020506],[-77.044105969162786,38.840211725594635],[-77.044121516018052,38.840206584900585],[-77.04413844542978,38.840201984188802],[-77.044156065728757,38.840197022875088],[-77.044173801377809,38.840192331768627],[-77.044190501136924,38.840188902235155],[-77.044207661859076,38.840185832862751],[-77.04422574462059,38.840183663983751],[-77.044246822311706,38.840181674135749],[-77.044267669686846,38.840179774455784],[-77.044287365430989,38.840178235547199],[-77.044305334344585,38.840178228727801],[-77.044325722318092,38.840178491240557],[-77.044348184187626,38.840179653807077],[-77.044368574009241,38.840182889101158],[-77.044387236388516,38.840186665555763],[-77.044405207601443,38.840190352185807],[-77.044424905980179,38.840193047225917],[-77.044443452058033,38.840195022025206],[-77.044459349041688,38.840197268084225],[-77.044472482082298,38.84020032595506],[-77.044484923955565,38.840203294003224],[-77.044498402161508,38.840205721147825],[-77.044513493076181,38.840208327844884],[-77.044529505306457,38.840210663934975],[-77.04454540240873,38.840213090151259],[-77.044560493382917,38.840215786926805],[-77.044575007756194,38.840217402906205],[-77.044591018865276,38.840217937297659],[-77.044608642176314,38.84021784047907],[-77.044625229269073,38.840218464730242],[-77.04464054937894,38.840219179548114],[-77.044654487264211,38.840219894892876],[-77.044669001415102,38.840221150522524],[-77.044684782775107,38.840222675918888],[-77.044699758627502,38.840225462804973],[-77.044712316433532,38.840229601883408],[-77.044723032176989,38.840235183018784],[-77.04473317318029,38.840242656148533],[-77.044744466435461,38.840250759427427],[-77.044756336015922,38.840259493075919],[-77.044768435800776,38.840267956381282],[-77.044779038572543,38.840277050851405],[-77.044786992871252,38.840287407520272],[-77.044794025744537,38.840297854626719],[-77.044801173466283,38.84030776118145],[-77.044807514890977,38.840317668045323],[-77.044813741018757,38.840327394783969],[-77.044820082220795,38.840336941309076],[-77.044826193166301,38.840346668091271],[-77.044832649613895,38.840356304655927],[-77.044840603193649,38.840365490222425],[-77.044850399689452,38.840374584995715],[-77.044861233651403,38.840384940552774],[-77.044871491631341,38.840395206245717],[-77.044880828298375,38.840405742545599],[-77.044889704168725,38.84041618893739],[-77.044898234371018,38.840426455292437],[-77.044907110246484,38.840436901682878],[-77.04491598623791,38.840447528241647],[-77.0449241710037,38.840457974896722],[-77.044932125513796,38.840468601808915],[-77.044940425640391,38.84047931867196],[-77.044949531616652,38.840489314547881],[-77.044960135352085,38.840499850353311],[-77.04497235180645,38.840510565705429],[-77.044984683790844,38.840521821518884],[-77.044995979049247,38.840532987646164],[-77.045006928810139,38.840544243990067],[-77.045017647577694,38.840554509492243],[-77.045028366802896,38.840565495669452],[-77.045038855432082,38.840576121596513],[-77.045048538444519,38.840587828847887],[-77.045060065289391,38.840600886654435],[-77.045072858559323,38.840612953041052],[-77.045086457680895,38.840624298438783],[-77.045099940823945,38.840634382696372],[-77.045112041908538,38.840644737740163],[-77.045123913136834,38.840655903632218],[-77.045136014513247,38.84066670909597],[-77.04514811538067,38.840676703797953],[-77.045161597288597,38.840684806189365],[-77.0451758855599,38.840692998351599],[-77.045189252630038,38.840701641291353],[-77.045201584054297,38.840711906152023],[-77.045214261668377,38.840723161807006],[-77.045227630175646,38.840734056854842],[-77.045240997488079,38.84074306012662],[-77.045254134260077,38.84075179323267],[-77.045266694989678,38.840760346391576],[-77.045279947239962,38.840769529872546],[-77.045294006712282,38.840780154391055],[-77.045308181203595,38.840790508609636],[-77.045321204350302,38.84080167403426],[-77.045333190308924,38.840812029099517],[-77.045346211861329,38.840820672155374],[-77.045360154679045,38.840828954513611],[-77.045373752914074,38.84083876844101],[-77.045388272300613,38.840848041501481],[-77.045403713526255,38.840857854708652],[-77.045417427532314,38.840868569431095],[-77.045430103775104,38.84087757294995],[-77.045443930509634,38.84088441399097],[-77.045457066873581,38.840892426397993],[-77.045470664560284,38.840901339469049],[-77.045484838068234,38.840910072145043],[-77.045499127110588,38.840919345281378],[-77.045512148415511,38.84092753789605],[-77.045524132584731,38.840935010237629],[-77.045536461684136,38.840941491513682],[-77.045548445455921,38.840948333261267],[-77.045560198511922,38.840954634590574],[-77.045570106974196,38.840958414272329],[-77.045577941676001,38.840961564171401],[-77.045570699353064,38.840984178213382],[-77.04559005634674,38.840992998937182],[-77.045614237831956,38.840980918164135],[-77.045623109102877,38.840983887486018],[-77.045636819135026,38.84098829626776],[-77.045649839546641,38.840995047515051],[-77.045663436643153,38.841002969634005],[-77.045678761831113,38.841011341497683],[-77.045695238889707,38.841019712908412],[-77.045709988266822,38.841028265162421],[-77.04572542801769,38.841035646045384],[-77.045740406967212,38.84104293702238],[-77.045755731133525,38.841049687355017],[-77.045772321837262,38.8410556264283],[-77.045789257641843,38.841060844687668],[-77.045804235331602,38.841066153797563],[-77.045818982649976,38.841071462995906],[-77.045834651060005,38.841076141239121],[-77.045851241602875,38.841081810047655],[-77.045868523211411,38.841087388497748],[-77.045884077309864,38.841093418046995],[-77.045898018795356,38.841099448228292],[-77.045912420798786,38.841105117888716],[-77.045927513635775,38.841110336852928],[-77.045943412783032,38.841115555497773],[-77.045959312164598,38.841121134478492],[-77.045974520659428,38.841127074067202],[-77.045988692010567,38.841132293386465],[-77.046003092924892,38.841136251430243],[-77.046018645884004,38.841140479271658],[-77.046034199193471,38.841145247617895],[-77.046048485274611,38.841149746208501],[-77.046061963944879,38.841152533510197],[-77.046049191620128,38.841173348073077],[-77.046067741659797,38.84118099793708],[-77.046083276896724,38.841157749999383],[-77.046089152592884,38.841159549369749],[-77.046102747035263,38.841163237466162],[-77.046115419518003,38.841166205249117],[-77.046128783298116,38.841169443011019],[-77.046143069098932,38.841173491167552],[-77.046157931069175,38.841177899432559],[-77.046171871312509,38.841181947722212],[-77.0461855807756,38.841185365509908],[-77.046198945436828,38.841189954531202],[-77.046212656302174,38.841195534343505],[-77.046227749180318,38.841200753268829],[-77.046244799947914,38.841205520993917],[-77.046261619759875,38.84120938796292],[-77.04627682730596,38.841213796075778],[-77.046290997820307,38.841217664090848],[-77.046305398593347,38.841221351843842],[-77.046321527757826,38.841225939754288],[-77.046340422056559,38.8412315174944],[-77.046358163610265,38.841235744421581],[-77.046373831155421,38.841238981240409],[-77.046388576971395,38.841241858085411],[-77.046404129273668,38.841245004861442],[-77.046421640050298,38.841248601279119],[-77.046439611752859,38.841252467764278],[-77.046456200860618,38.841255794289893],[-77.046471637630006,38.841258400595841],[-77.046487534503612,38.841260015786816],[-77.046505964965661,38.841260819205552],[-77.046524741811382,38.841262883666516],[-77.046540985716575,38.841266750824794],[-77.04655515690196,38.841271609737156],[-77.046569212902085,38.841276468693785],[-77.046585456812878,38.841280335845831],[-77.046604694767282,38.84128294061702],[-77.046623241247389,38.841285005154113],[-77.046639829723972,38.841287340724186],[-77.046654575325178,38.841289857197602],[-77.046670127178416,38.841292283262234],[-77.046689479913937,38.841294257381918],[-77.046708717640215,38.841296501797977],[-77.04672542136835,38.841298927394313],[-77.046739705990362,38.841301083703442],[-77.04675525708204,38.841302338658366],[-77.046775991183239,38.841302960942663],[-77.046798222599676,38.84130340245386],[-77.046817689938123,38.841304475661211],[-77.046834738937747,38.841306450680811],[-77.046854897577958,38.841307793858128],[-77.046879087237343,38.841308324652381],[-77.046900858440083,38.841309577089547],[-77.04691882876304,38.841311281473139],[-77.046937259717069,38.84131280549969],[-77.046958570291935,38.84131423828034],[-77.046979304754046,38.841315401035452],[-77.04699692940018,38.841316925377143],[-77.047013977814487,38.841317999525678],[-77.047035402689417,38.841318080978525],[-77.047058785746458,38.841318161638021],[-77.047078828078327,38.841317793217726],[-77.04709633593535,38.841316885309624],[-77.047116607808661,38.841315255607057],[-77.047139644232658,38.841313714868981],[-77.047159456128952,38.841313256443421],[-77.047175352018257,38.841313340104378],[-77.047191938792565,38.841313063145783],[-77.047212556641085,38.841312063878256],[-77.047233634939687,38.84131061399821],[-77.047251027665496,38.841309796197955],[-77.047266001818329,38.841309519881676],[-77.04728454677317,38.841309242116942],[-77.047306892665503,38.841308602470718],[-77.047326819627088,38.841307963801121],[-77.047342369296771,38.841307056650024],[-77.047359992693643,38.841306689162565],[-77.047383721129464,38.841306499363306],[-77.047407219071147,38.841306129483748],[-77.047425764204078,38.841306121950062],[-77.047443388318641,38.841306835463904],[-77.047464237674177,38.841307547663611],[-77.04748589334018,38.841308259531544],[-77.047504093331824,38.841308882717414],[-77.047519182370749,38.841308155899313],[-77.047537150368726,38.841306346892559],[-77.047558573800444,38.84130426622167],[-77.047578729751976,38.84130155547188],[-77.047594392922704,38.841298125874545],[-77.047602569948822,38.841296230765153],[-77.047608098090677,38.841294967327293],[-77.047624913490523,38.841292077762972],[-77.0476381589895,38.841290540921008],[-77.047640015509472,38.841310809179141],[-77.047656832475255,38.841310261807003],[-77.047655090295891,38.841288732319214],[-77.047665686790268,38.841287646978238],[-77.047680775341803,38.841286199463298],[-77.047694481466635,38.841284482257734],[-77.047712564219836,38.841282042585497],[-77.047734448267249,38.841279781524975],[-77.047754259125909,38.841277791562142],[-77.047769577987481,38.841276253856932],[-77.047785242409745,38.841274716008286],[-77.047805859514995,38.841272635622111],[-77.047828434739472,38.841270464345342],[-77.047846863408139,38.841268565017621],[-77.047862528008224,38.841267297412124],[-77.047881533577311,38.841266839194617],[-77.047900884828323,38.841266561001184],[-77.047590457831319,38.840820769615767],[-77.0474783119938,38.840647042241905],[-77.047476699448339,38.840647132982355],[-77.04746725472738,38.840647947584372],[-77.047452050341917,38.840648224020214],[-77.047432928970593,38.840647511116131],[-77.047411503698214,38.840646528891156],[-77.047386853036343,38.840645277718266],[-77.04735909300814,38.840645018731585],[-77.047326840782262,38.840644851644356],[-77.047293897380285,38.840644594743722],[-77.04726210577978,38.84064424728291],[-77.0472287020511,38.840644621141976],[-77.047191036436601,38.84064499671463],[-77.047147496330822,38.840645374648254],[-77.047103955986827,38.840645392227628],[-77.047063180346626,38.840645769014081],[-77.047022750026969,38.840645785309079],[-77.046981627464348,38.840644090262749],[-77.046943728633224,38.840640141792377],[-77.046905944519025,38.840635472587344],[-77.046865165749153,38.840631074826142],[-77.046823350073552,38.840626317128532],[-77.046783376790032,38.840620657832275],[-77.046745360849783,38.840613736555085],[-77.046709993901032,38.840606363782832],[-77.046679348172844,38.840596827083246],[-77.046650774505721,38.84058530768786],[-77.046621625153364,38.840574148853563],[-77.046592245438077,38.840562990103905],[-77.046562750663526,38.840552011561797],[-77.046531874900026,38.840542925337765],[-77.04650019348837,38.840534830356347],[-77.04646505504104,38.840524484629412],[-77.046428418191425,38.840512608051007],[-77.046391205775947,38.84050127219701],[-77.046353992553335,38.840488675148066],[-77.046316202421238,38.840474546879236],[-77.046278642850908,38.840460688760302],[-77.046243386893906,38.840446649547566],[-77.04620974366803,38.840432789854724],[-77.046177827716647,38.840418118708094],[-77.046150402797991,38.840401554001929],[-77.046123784424694,38.840385349308747],[-77.046097396318402,38.84036896434943],[-77.046075153395023,38.840350235550147],[-77.046055675053609,38.840331685824808],[-77.046037808332713,38.840311604023519],[-77.0460214392659,38.84029188196704],[-77.046005646135711,38.840272159681227],[-77.045991003533999,38.840250364995669],[-77.045972904624421,38.84022740057074],[-77.045954919346215,38.840202003815897],[-77.045937625946408,38.84017777788474],[-77.045922867736024,38.840155262559591],[-77.045906153007223,38.84013527036889],[-77.045890129572967,38.840115548157549],[-77.045879862976548,38.840092040130855],[-77.045869940726931,38.840066640192681],[-77.045860711446892,38.840044122686344],[-77.045849873110484,38.840027100967731],[-77.045848252419717,38.840014489769793],[-77.045861610706041,38.840009529872482],[-77.045887409208774,38.840004925421646],[-77.045914242983187,38.839998158529106],[-77.045943497899316,38.839994903974144],[-77.045973098193883,38.83999137902218],[-77.046000047314294,38.839984882318042],[-77.046022966405857,38.839980639310141],[-77.046047386560531,38.83998207103113],[-77.046071348417641,38.839987286478284],[-77.046093353819202,38.839995115144674],[-77.04611559122506,38.840005466082125],[-77.046138636271948,38.840017888640318],[-77.046161451189704,38.84003067162314],[-77.046186570342599,38.840044264450455],[-77.046213072893039,38.840059658415228],[-77.046239345434699,38.840075592972291],[-77.046266193622159,38.840091076872596],[-77.046291658138273,38.840104309202154],[-77.046316198668833,38.840113668257928],[-77.04634027554107,38.840118523266071],[-77.046361815767085,38.840119415557432],[-77.04638001164173,38.840114183425669],[-77.046393252031592,38.840105079625971],[-77.046405567247405,38.840090300867118],[-77.046421681284471,38.840072007299355],[-77.046438602839785,38.840055605183196],[-77.04645218272951,38.840037222534761],[-77.046465530307103,38.840015867187653],[-77.046480489880835,38.839993610351613],[-77.046493722491604,38.83997261538503],[-77.046503730384543,38.839952342377984],[-77.046504177334626,38.839931172334374],[-77.046499898358732,38.839904869355095],[-77.046493889853053,38.839875864528452],[-77.046484767491222,38.83984091536221],[-77.04647587521454,38.839805515680766],[-77.046470325178973,38.839772997372968],[-77.046463621953606,38.839738407579468],[-77.046449893354676,38.839705171849502],[-77.046435474716105,38.83967355791399],[-77.046420940612975,38.839641493599714],[-77.046403758335046,38.839611051858078],[-77.046384962671155,38.83957934957138],[-77.046365129662931,38.839546566679147],[-77.046346565220404,38.839516125477658],[-77.046329383705867,38.839486764738645],[-77.046311972538405,38.839458485102597],[-77.046299400345205,38.839432095319772],[-77.046285560084968,38.839404084516623],[-77.046267573151582,38.839375985271005],[-77.046251429118001,38.839347795207694],[-77.046233902422912,38.839318885013377],[-77.04621246013059,38.839290967296641],[-77.046193091630897,38.839263769431504],[-77.04616923278283,38.839239365960189],[-77.046144107045862,38.839215143153837],[-77.046121517405297,38.839194072298987],[-77.046097547318453,38.839175704521224],[-77.046075303080769,38.839154363267234],[-77.046051559144487,38.839129419218843],[-77.046028851180395,38.839103393742391],[-77.046011788040346,38.839078627219976],[-77.045999565348438,38.839058092761107],[-77.045991146678645,38.839042151113929],[-77.045987105797494,38.83902746892494],[-77.045980301094986,38.839013688670107],[-77.045968774744125,38.839001261542734],[-77.045955058462567,38.838986583162772],[-77.045942031895706,38.838969742480536],[-77.045928314292809,38.838952992153295],[-77.045914596522465,38.838935971570798],[-77.045899266597786,38.838919582212483],[-77.045880826905062,38.838903464328247],[-77.045858010546198,38.838887798583464],[-77.045836002157174,38.838874744968784],[-77.045822635177316,38.838865831847009],[-77.045794753093745,38.838853771460393],[-77.045779777255277,38.838850624376072],[-77.045767795083918,38.838845764509529],[-77.045754429214867,38.83883856298587],[-77.045740140728952,38.838829560131252],[-77.045726312632951,38.838820016587206],[-77.045711562787218,38.8388100229798],[-77.045693934693716,38.838802102441974],[-77.045675500725821,38.838794812808693],[-77.045658563623462,38.83878671182601],[-77.045645312153297,38.838778249061356],[-77.045637935310737,38.838770234421027],[-77.045634822661512,38.838766001664204],[-77.045633091575851,38.838760777437074],[-77.045629977948508,38.83875501324313],[-77.045624099180372,38.838748079030815],[-77.045611997594762,38.838736552938109],[-77.045588953053098,38.838724130273356],[-77.045563603997564,38.838710357235428],[-77.045544820552408,38.838696851883803],[-77.045542168988376,38.838693159451843],[-77.045466113248338,38.838638237526688],[-77.045457239981076,38.838631664810542],[-77.04544848166897,38.838624731710716],[-77.045440529753023,38.838617978465386],[-77.045432694110488,38.838612936780791],[-77.04542554933677,38.838607534488531],[-77.045420017295257,38.838602401821888],[-77.045416328981474,38.838598529621365],[-77.045414599520441,38.838595827757729],[-77.045412985643424,38.838593756440979],[-77.045409642878738,38.83858988410578],[-77.045405147140968,38.838584210527927],[-77.045400420007127,38.838576915517962],[-77.045395577347847,38.838569080045389],[-77.045391079493257,38.838560073339359],[-77.045386811890751,38.838550886374477],[-77.045382199371119,38.838542690473616],[-77.045377471956073,38.838534945040038],[-77.045373320226503,38.838526839044256],[-77.045370550289164,38.838518101919249],[-77.045368356093903,38.838509094316763],[-77.045366506932012,38.838499275819089],[-77.045366160067502,38.838497204009158],[-77.045364772724255,38.838489096938503],[-77.045363038917571,38.838479548649595],[-77.045361305512117,38.838470630952337],[-77.045360608864669,38.838461893021282],[-77.045360718323664,38.838452884523242],[-77.04536071288625,38.838444326492613],[-77.045377258577545,38.838380450111174],[-77.045377486308638,38.838376306133036],[-77.045380126801007,38.838362612253867],[-77.045382767235196,38.838348828290066],[-77.045387711945665,38.838336034360275],[-77.045395998202679,38.838325220990846],[-77.045401519737354,38.838313868188976],[-77.045406234936877,38.838302425615971],[-77.045410720515108,38.838292154231311],[-77.045415666591964,38.838281522329076],[-77.045420957297097,38.838269448939542],[-77.04542520992743,38.838255123839858],[-77.045428885670432,38.838239267526987],[-77.045434635837807,38.838225212097655],[-77.045443148826806,38.838208723309229],[-77.04545131483161,38.838189982541309],[-77.045458098761713,38.838171422480137],[-77.045462004857228,38.838155566076345],[-77.045459574045253,38.838136739350183],[-77.045454954718736,38.838117823391691],[-77.045453216951771,38.838102059270419],[-77.045454819978815,38.838087104609151],[-77.045457801689651,38.838066654252636],[-77.045460898408649,38.838045933597499],[-77.045462844741266,38.838027465504403],[-77.045464675202552,38.838007916441541],[-77.045462471890289,38.837984585398296],[-77.04546050226989,38.837966479168493],[-77.04545876387445,38.837949724116996],[-77.045456099437502,38.837925762661058],[-77.045451825555958,38.837906666398183],[-77.045445826360435,38.83789135435854],[-77.04544166709185,38.837871357204889],[-77.04543785061847,38.837847035858537],[-77.045433462195604,38.837828930569493],[-77.045427690908795,38.837809744803756],[-77.045420533721924,38.837784704080256],[-77.045411768755869,38.837767141000711],[-77.045401622820009,38.837751470233563],[-77.045393201115857,38.83773030363637],[-77.045386046697871,38.83770958696855],[-77.045379931664584,38.837693193955289],[-77.045374276958469,38.837676170170759],[-77.04536896436413,38.837653741178904],[-77.04536687810706,38.8376332927932],[-77.045366290809667,38.837615366192651],[-77.045370770339431,38.837595635931137],[-77.045374672128872,38.837573023187844],[-77.0453783463593,38.83755482467668],[-77.045378796605476,38.837538339025656],[-77.04537613255431,38.837514918073602],[-77.045373467588803,38.837490055768676],[-77.045371266555037,38.837470238019087],[-77.045368716945589,38.837445645922763],[-77.045366398043143,38.837421594243978],[-77.04536638544981,38.837401775643428],[-77.045367291211946,38.83737709211907],[-77.045369350097971,38.83735448009152],[-77.045372103731225,38.837337633206275],[-77.045375547130746,38.83731871410766],[-77.045377607386641,38.837298264108917],[-77.045378864583157,38.83728285915835],[-77.045383347982551,38.837269254644731],[-77.045387367908717,38.837251326251675],[-77.045387354736889,38.8372306068051],[-77.045383082862301,38.837214573412261],[-77.04537316880365,38.837201154665436],[-77.045360949535734,38.837185214445604],[-77.045352530371105,38.837167921479271],[-77.045347338494778,38.837154140556812],[-77.045340419314343,38.837140990897154],[-77.045335802257625,38.837125498143919],[-77.04533475390744,38.837107031213392],[-77.045335665282721,38.837091175974258],[-77.04533554020621,38.837075591391411],[-77.045332073527874,38.837057846076661],[-77.045328951877423,38.837039289866524],[-77.04532721473646,38.837024426586211],[-77.045324900494009,38.837007671753859],[-77.045318552772827,38.836987495273718],[-77.045313128383157,38.83697029122574],[-77.045309778667999,38.836955338486455],[-77.045307347822614,38.836936331584411],[-77.045302612805315,38.836916424730909],[-77.045296956521668,38.836896788488367],[-77.045291762732887,38.836879944687979],[-77.04528760310923,38.836859226849171],[-77.045281484571859,38.836837158501488],[-77.045271914067996,38.836820496567128],[-77.045267412226764,38.836805003765726],[-77.045266592431048,38.836783654038463],[-77.045264966491089,38.836762484792921],[-77.045264725394048,38.83674554898549],[-77.045263908112673,38.836728162978545],[-77.045262396840542,38.836706182927102],[-77.04526019700387,38.836688166864128],[-77.045259381437475,38.836673483393753],[-77.045257067565046,38.836657269066428],[-77.045249224043374,38.836639435360588],[-77.045241037213074,38.83662511508583],[-77.045238495726949,38.836613224906223],[-77.045236989259749,38.836598811957046],[-77.045234788005928,38.836578543779275],[-77.045232817911355,38.836559536695994],[-77.045231080345516,38.836543952736612],[-77.045226462666278,38.836527378962828],[-77.045220343149211,38.836503689088701],[-77.045213765656996,38.836484323451522],[-77.045209264134769,38.83646928106986],[-77.045204412969738,38.836447752733349],[-77.045198639631948,38.836425053654111],[-77.045191373301108,38.836409201580992],[-77.045181803844883,38.836394071075702],[-77.045170390214381,38.836376869337862],[-77.045161512411923,38.836362639408996],[-77.045153328080758,38.836352192763705],[-77.045145835396596,38.836342646696131],[-77.045145020939913,38.836329674830893],[-77.045147774130768,38.836312107271667],[-77.045153062684321,38.836296790846191],[-77.045153630603551,38.836284178784425],[-77.04515085810246,38.83627120767656],[-77.045147507371709,38.836254543324273],[-77.045145422016432,38.83623535611391],[-77.045142647752954,38.836219592384246],[-77.045137685660606,38.83620473034653],[-77.045132260975464,38.836186895696002],[-77.045121884398483,38.836170324143971],[-77.0451077115912,38.836161140994427],[-77.045093656185486,38.83615547109676],[-77.045082249497213,38.836149169582136],[-77.04507164781171,38.836140885894615],[-77.045063579039081,38.836130979705572],[-77.045059885300532,38.836118279204747],[-77.045056536303733,38.836104317386415],[-77.045054455581948,38.836092427023921],[-77.045057212651884,38.836080985216782],[-77.045064921609509,38.836068280313391],[-77.045074818390901,38.836054673718621],[-77.045083333422667,38.836041698248863],[-77.045092770847788,38.836030253860137],[-77.045104052266225,38.836020610449815],[-77.045116140614994,38.836012047741548],[-77.045128458976464,38.836002944435549],[-77.045140200929183,38.835993030589805],[-77.04514192769679,38.835991588568518],[-77.045151021791952,38.83598365760681],[-77.045161843335606,38.835975365637552],[-77.045172665446714,38.835967974513011],[-77.045182682161027,38.835961934968118],[-77.045192008543623,38.835957066789327],[-77.045212961110337,38.835941383955593],[-77.045240254820541,38.83593569804993],[-77.045279296160928,38.835929106734959],[-77.04528908587524,38.835928382259823],[-77.045295074870751,38.835927929512764],[-77.045304864813417,38.835927565374568],[-77.045310853923098,38.835927292795859],[-77.04531661261862,38.835926930221632],[-77.045323983755679,38.835926476936457],[-77.045332852098568,38.835925842900039],[-77.045342411340471,38.835924938340774],[-77.045350703676107,38.835924124357604],[-77.045358074526519,38.835923220647402],[-77.045365444976042,38.835921686344719],[-77.045375349580681,38.835920511394754],[-77.045389630279686,38.835918253727051],[-77.045407020910943,38.835916175016912],[-77.045423144921983,38.835914637304676],[-77.045435353323271,38.835913821791344],[-77.045446754844278,38.835912015660419],[-77.045458847435413,38.835910209259225],[-77.045468521106343,38.835908133545381],[-77.045476927239875,38.83590515747872],[-77.045486486477202,38.835904252907632],[-77.045498464117301,38.835902806885478],[-77.045511017419301,38.835901000299302],[-77.045523455714587,38.835899464010346],[-77.045537390869399,38.835897206459322],[-77.045553859948839,38.835894947917673],[-77.04556629858709,38.835893952131592],[-77.045575627234953,38.835892687304884],[-77.045584839956348,38.835890251423017],[-77.045593708177279,38.835889437197665],[-77.04559923559097,38.835887633346424],[-77.045598655728938,38.835881417736083],[-77.045597961091374,38.835875832762781],[-77.045597381402246,38.835869887406147],[-77.045596686477225,38.835863852009922],[-77.045596107075966,38.83585835707617],[-77.045595643370902,38.835853672858498],[-77.045594832232325,38.835846015984991],[-77.045587691519572,38.835846559281926],[-77.0455780168828,38.835847103567964],[-77.045571912717449,38.835847556374546],[-77.045565347838618,38.83584800936066],[-77.045556824985155,38.835848553195305],[-77.045546805789755,38.835850629051329],[-77.045537938664822,38.835853154879949],[-77.045530453564666,38.83585549999961],[-77.045521240214185,38.835856944946947],[-77.045510759843779,38.835858300302966],[-77.045497169828948,38.83585992712414],[-77.045480354646884,38.835861284946802],[-77.045465267197173,38.835862732178562],[-77.045453980346679,38.835863727505313],[-77.045446724739421,38.835864721261323],[-77.045438662997825,38.835865895499893],[-77.045429104223601,38.835867520743612],[-77.045418623620677,38.835868515753141],[-77.045407913061609,38.835870141443316],[-77.045401809122467,38.835870954579285],[-77.045270290818834,38.835895328506439],[-77.045231133062131,38.835899938002477],[-77.045227678450701,38.835901110440957],[-77.04522445368255,38.835901472028915],[-77.045219846830122,38.835901924236893],[-77.045216276469574,38.835902195873899],[-77.04521282123028,38.835902377381679],[-77.045209596404945,38.835902648884648],[-77.045204183189142,38.835902921235167],[-77.045199344781906,38.835901481755577],[-77.045194392051826,38.835901393588927],[-77.045189439435788,38.835901485591187],[-77.045181491781193,38.835900948160614],[-77.045175961619961,38.83589842793274],[-77.045164786177097,38.835893477605332],[-77.045153840693914,38.835887896595729],[-77.04514266417209,38.835881234659389],[-77.045131602261264,38.835873671831742],[-77.045123072569254,38.835863405486258],[-77.045115922629265,38.835849355053917],[-77.045108542050826,38.835834854287313],[-77.045101393311541,38.83582269563],[-77.045092631680305,38.835809907003245],[-77.045082486945873,38.835795587471985],[-77.045070730004426,38.835781718985366],[-77.045060931609058,38.835768660502758],[-77.045054243824794,38.835756862002853],[-77.045051586540382,38.835743890847098],[-77.045054456217343,38.835728395189186],[-77.045059167151393,38.835710376451651],[-77.045063188833922,38.835695240687045],[-77.045063411059274,38.835682358504194],[-77.045058796203705,38.835670108780988],[-77.045053256514549,38.835652454338934],[-77.045051400762347,38.835632005852084],[-77.045050008451568,38.835615881246895],[-77.045048270948598,38.835600297282461],[-77.04504434068933,38.835577777650329],[-77.045039720331374,38.835556789722489],[-77.045034757681464,38.83554093674848],[-77.045030253870124,38.835522110805449],[-77.045028971687501,38.835497968628047],[-77.045029190452681,38.835479591285747],[-77.045027683085834,38.835463646893508],[-77.045024674262152,38.835441126904733],[-77.045017290279688,38.835421130972229],[-77.04501014006398,38.835406540024955],[-77.045006557858954,38.835387983979011],[-77.045004239486033,38.835364472792584],[-77.045002270281245,38.835346726885817],[-77.045000302042709,38.835330512416768],[-77.044995335499948,38.835308443604603],[-77.04498910422214,38.835289888579105],[-77.044984488496524,38.835276197498949],[-77.04497860496987,38.835261155638193],[-77.044969263116883,38.835241340625807],[-77.044959692956581,38.835224768746194],[-77.044948282799183,38.835212701804487],[-77.044936296248807,38.835199824322132],[-77.044927529508385,38.835178747900365],[-77.044920260927427,38.835159022170245],[-77.044914146729468,38.835143439887133],[-77.044910564279263,38.835124433414556],[-77.044909167873669,38.835101732631962],[-77.044909041817149,38.835084436436638],[-77.044909147361381,38.835069122013437],[-77.044908328315927,38.835048763208128],[-77.044906702408412,38.835027413782598],[-77.044905771983338,38.83501309068852],[-77.044903805362281,38.834999398585303],[-77.044899991605021,38.834978860762675],[-77.04489594828911,38.834959584212633],[-77.044892483408844,38.83494436124716],[-77.044886943817048,38.834926706795173],[-77.044879211960918,38.834902837348032],[-77.044871022969474,38.834884643406255],[-77.04486214439325,38.834868791928713],[-77.044852685523026,38.834845914074101],[-77.044842422345639,38.83482609940436],[-77.044831241041365,38.834811509993528],[-77.044822131507672,38.834794667670806],[-77.044815323079533,38.8347739508256],[-77.044809324114013,38.834758368491798],[-77.044803211613939,38.834745398654874],[-77.044796636488115,38.834729366118516],[-77.044791786639522,38.834709549366032],[-77.044790279737498,38.834694235560846],[-77.044788889425305,38.834681173826098],[-77.044787267235094,38.834665679895863],[-77.044785066394482,38.834645772041696],[-77.04478044956312,38.834630189175755],[-77.044773992228031,38.834618300484649],[-77.044770528633066,38.83460505937569],[-77.044769594795085,38.83458524111964],[-77.044767049449788,38.834566954920049],[-77.044761167665129,38.834554525499733],[-77.044752062133327,38.834543989092069],[-77.044740996180778,38.834529579796957],[-77.044730504872149,38.834513188419088],[-77.044723931194781,38.834499407992773],[-77.044719891000483,38.834484996003034],[-77.044716999353213,38.834465448750194],[-77.044714452333139,38.834444460011369],[-77.044709836771261,38.834430859003128],[-77.044703149170232,38.83441906048062],[-77.044694501154041,38.834403389070069],[-77.044682741021788,38.834383935296607],[-77.044670522897391,38.834368805758672],[-77.044659227819906,38.834356288319981],[-77.04465196221372,38.834341066800278],[-77.044646765382979,38.8343188178887],[-77.04464410462117,38.834300081306779],[-77.044641446113772,38.834284948108433],[-77.044635790558331,38.83426585233321],[-77.044630363499223,38.834243783677969],[-77.044625401144046,38.834228110852408],[-77.044619518511197,38.834214240070757],[-77.044611328370408,38.834193974163092],[-77.04460233144178,38.834172807716961],[-77.044593222831296,38.834157226558986],[-77.044586994683684,38.834143355907528],[-77.044585028147822,38.834129663797043],[-77.044584332706535,38.834122637462599],[-77.044583407589343,38.834116692231284],[-77.04458063791968,38.834107955081393],[-77.044576368944007,38.834095975457899],[-77.044572558253478,38.834080122020623],[-77.044568399395317,38.834060034739089],[-77.044560095910313,38.834042651578422],[-77.044549260818556,38.834028872768236],[-77.044539116389942,38.834014463101092],[-77.044530004554744,38.833993657031115],[-77.044521929696131,38.833973481157123],[-77.04451224558899,38.833958440719591],[-77.044502791218903,38.833942409262775],[-77.044495752557992,38.833921602399393],[-77.04448618335806,38.833906111492631],[-77.044478114245749,38.833895124244428],[-77.044472577811831,38.833882244253537],[-77.044468883733671,38.833868642883445],[-77.044466575966425,38.833861797331565],[-77.044465536248296,38.833856752988922],[-77.044463228369551,38.833849727267783],[-77.044459538614191,38.833843062411468],[-77.044454234388752,38.833833155123678],[-77.044446395359429,38.833821717362412],[-77.044437172661944,38.833807757758017],[-77.044427832550724,38.833790194812714],[-77.044419300518655,38.833775604351572],[-77.044411115135745,38.833762815450299],[-77.044402698061305,38.833747864605655],[-77.044393472301238,38.833728950344621],[-77.044383211707782,38.833712829099625],[-77.044370995273255,38.83370013181294],[-77.044358894018004,38.833687434481199],[-77.04434817195559,38.833670052223695],[-77.044338717436759,38.833653660414463],[-77.044330416515876,38.833640240958815],[-77.04432246084292,38.833626370948366],[-77.044313927286453,38.833609258110258],[-77.044304702741655,38.83359223561844],[-77.04429352324938,38.833580078437521],[-77.044280157117981,38.83357062462391],[-77.04426656097597,38.833561711403775],[-77.044252158168092,38.833552077810886],[-77.044241324326563,38.833540100663058],[-77.044238782223744,38.833526769102171],[-77.044242920527282,38.833513885432033],[-77.044247979835077,38.833500370820147],[-77.044251772109263,38.833486676519136],[-77.044256831581052,38.833473432160638],[-77.044270528021727,38.833458382833463],[-77.044273175471247,38.833455859459612],[-77.044274440994187,38.833453606863877],[-77.044277202835673,38.833449822261805],[-77.044280656226704,38.833446848158928],[-77.044283419687915,38.833445676010264],[-77.044287335452722,38.833445404270527],[-77.044291596629108,38.833444952230309],[-77.044298160512611,38.833443238131181],[-77.044306106210044,38.833441073083982],[-77.04431393684429,38.833439088249186],[-77.044322113560725,38.833438004128702],[-77.044330289549706,38.833435748907746],[-77.044338810949796,38.833433313385783],[-77.04434767899177,38.833432679423979],[-77.044357582204512,38.833429792952387],[-77.044367715877272,38.833427086561635],[-77.044377618080674,38.833422578565447],[-77.044388441398198,38.833417619794943],[-77.044400300891965,38.833412030036889],[-77.04441181418818,38.833405359393787],[-77.044421944772793,38.833397698344989],[-77.044430116381591,38.833388416517757],[-77.044437826674013,38.833378143934716],[-77.044444730855886,38.833368051827343],[-77.044450829993167,38.833359851803394],[-77.044454394901081,38.833351022152065],[-77.044455885997465,38.833341112275008],[-77.044456800268321,38.833329671178944],[-77.04445806000561,38.833318139866641],[-77.044459666443316,38.833308500199422],[-77.044460812800665,38.83329985163838],[-77.044462189281759,38.833290842651131],[-77.04446402657166,38.833282013657524],[-77.044465634073674,38.833274085597708],[-77.044466434851074,38.833265347083596],[-77.044468502263669,38.833256157663705],[-77.044470915703215,38.833247778873556],[-77.044472408310057,38.833240301280526],[-77.044472173136256,38.833232554092],[-77.044471477714822,38.833225527755921],[-77.044471014044518,38.833220753447186],[-77.044470319296622,38.83321480812635],[-77.044469508196485,38.833206971072578],[-77.044468697377056,38.833199584441857],[-77.044468001339212,38.833191567174978],[-77.044470070208263,38.833184719954801],[-77.044474097653008,38.833178862919119],[-77.044478470843771,38.83317336609008],[-77.044482269286078,38.833169671172548],[-77.044484801431096,38.833166967668518],[-77.044487448693857,38.833164174035879],[-77.04449055693307,38.833161830650653],[-77.044492513712669,38.833159938127416],[-77.044463335471534,38.833096980090168],[-77.044459301523588,38.833092387310792],[-77.044454808731373,38.83309076749881],[-77.044451238620567,38.833091219281826],[-77.044447093873941,38.833093653145426],[-77.044441797836399,38.833096808124353],[-77.044436041607284,38.833100774039956],[-77.044431207497752,38.833105910704418],[-77.044426373555751,38.833111317622496],[-77.044419926112752,38.833115013546504],[-77.044413017244821,38.833117538545572],[-77.044408529214678,38.833123575923715],[-77.044407500156979,38.833135647655837],[-77.044408662206379,38.833152222785763],[-77.044409363336172,38.833168437752484],[-77.044408681705093,38.833183572229778],[-77.044407770173848,38.833199427471527],[-77.044407321019506,38.833217985076196],[-77.044406294985734,38.833234921377034],[-77.044405843645649,38.833249965681858],[-77.044404470407699,38.833264199575794],[-77.044402637928982,38.833280775844734],[-77.044398962213307,38.833296632137802],[-77.044393441187182,38.833308435324398],[-77.044386421549547,38.833318077049555],[-77.044379171393459,38.833327448608038],[-77.044373535355419,38.833339522091237],[-77.044365942751185,38.833353848433632],[-77.044354778843456,38.833366734778764],[-77.044341194535505,38.833376829418988],[-77.044324729409936,38.833384582951403],[-77.04430688051103,38.83338963446802],[-77.044290182515269,38.833393334275755],[-77.044275212133954,38.833397033425697],[-77.044261739018339,38.833400732005892],[-77.044250108357019,38.833403889378218],[-77.044239514431879,38.83340731661027],[-77.044231685417486,38.833411913893642],[-77.044226505469851,38.833416600257316],[-77.044221785494031,38.833420115346307],[-77.044219484181085,38.833423629518691],[-77.044217297763467,38.833426693224389],[-77.044213383338246,38.833429126992328],[-77.04421027518984,38.833431650539296],[-77.04420371353622,38.833436968017708],[-77.044191510785495,38.83344625135544],[-77.044177694696799,38.833454093948582],[-77.044163417405613,38.833461125952951],[-77.044152711078723,38.833469057450962],[-77.044140621318391,38.833474827440121],[-77.044126572141451,38.833478255968686],[-77.044111946533931,38.833480783867103],[-77.044099969884115,38.833483220678211],[-77.044093520387918,38.833483673538169],[-77.044087416359588,38.833484036182689],[-77.044079008562179,38.833483949273869],[-77.04406990893915,38.833482601440934],[-77.044059195260758,38.833478641762461],[-77.044049055566646,38.833471618989051],[-77.044041679062545,38.833462973648849],[-77.044036949573396,38.833451084262826],[-77.044032218974763,38.833437393184489],[-77.044026335078144,38.833421180171456],[-77.044018609559757,38.833406859629847],[-77.044009965592309,38.833397313919278],[-77.044000977269832,38.833389660115074],[-77.043990148712354,38.833386150896658],[-77.043976326509764,38.833384084159356],[-77.043960202595315,38.833384900995448],[-77.043944309195552,38.833385987996436],[-77.043927494400222,38.83338707534206],[-77.043910103732458,38.833388162901919],[-77.043889833482879,38.833388891203668],[-77.043871404971412,38.833387907201612],[-77.043855854270802,38.833384399745725],[-77.043841684115478,38.833378369399604],[-77.043830159986641,38.833367473488167],[-77.0438225493007,38.833352522297993],[-77.043816782125589,38.833338741515327],[-77.043813893425451,38.833323518297675],[-77.043815840497587,38.83330577089496],[-77.043822278700176,38.83328694079033],[-77.043832058720682,38.833270992138381],[-77.04384379741704,38.833256213849921],[-77.043856802968861,38.833241344999564],[-77.043870499172542,38.833225845295736],[-77.043882928676624,38.833210706405033],[-77.04389259455138,38.833196469398729],[-77.043899726482167,38.833182053175435],[-77.043902711480143,38.833166557496199],[-77.043901550046471,38.833150793122748],[-77.043898547768023,38.833138182403772],[-77.043891284552416,38.83312638404891],[-77.043883558705431,38.833111432905433],[-77.04387675131899,38.833091706930624],[-77.043870406347764,38.833074773405158],[-77.043864407786572,38.83305928110321],[-77.04385967453544,38.83304117587106],[-77.043854710385759,38.833022169879101],[-77.043850209036151,38.833006586929045],[-77.043844095587929,38.832991545092241],[-77.043834296748969,38.832976774893218],[-77.043822770529715,38.832962365680487],[-77.043810669552272,38.832949758375037],[-77.043797303547535,38.832940214420532],[-77.043782211156994,38.832932652974129],[-77.043766888422326,38.832925091612147],[-77.043751220004296,38.832917260123864],[-77.043737508879119,38.832908346884309],[-77.043725639652223,38.832897991598941],[-77.043717225415705,38.832887274679628],[-77.043710885188162,38.832877998337111],[-77.043707193402568,38.832867820156061],[-77.04370591899395,38.832855569123026],[-77.043706484880502,38.832839263592199],[-77.043707396066537,38.83282259759347],[-77.043707272731552,38.832809265113653],[-77.043705767260192,38.832795843066748],[-77.043701957328679,38.832780800359338],[-77.043696417813166,38.832762515252419],[-77.043690303922233,38.832746662645398],[-77.04368396134069,38.832733512662706],[-77.043678308368541,38.83271802022103],[-77.04367334373859,38.832698113374235],[-77.043670453166456,38.832679737189927],[-77.04366641306747,38.832664964821106],[-77.043658341852975,38.832650103875537],[-77.043649115715979,38.832630018452306],[-77.043641503274415,38.832612004371548],[-77.043634467913463,38.832595971936534],[-77.043628698248611,38.832577957165867],[-77.043623848264829,38.832557149427288],[-77.043620728465896,38.832540575019813],[-77.043617724391581,38.83252490141534],[-77.0436135668281,38.832506345533382],[-77.043610099369047,38.832486257954457],[-77.043607901124702,38.832469953456027],[-77.043606048289888,38.832453468659118],[-77.043601773140225,38.83243094909627],[-77.043597038787127,38.832410861990034],[-77.043593803553023,38.832393837201352],[-77.043590335609906,38.832372938859919],[-77.043587212967111,38.832351680050728],[-77.043585245187458,38.832335555634742],[-77.043580051914205,38.832318351407459],[-77.043573244027556,38.832297544397029],[-77.043567705626927,38.832280970890444],[-77.043562514945208,38.832268000639466],[-77.043537599160473,38.832204860601941],[-77.043532173915636,38.832184953919423],[-77.043523510227629,38.832142707452448],[-77.043519586624555,38.832130006980684],[-77.043515775889347,38.832113522911605],[-77.043511389459098,38.832097309310917],[-77.043507003305209,38.832081546133139],[-77.043503536061408,38.832061728803595],[-77.043500181192584,38.83203731711501],[-77.043496940510536,38.832011283860027],[-77.04349358432934,38.831984710140041],[-77.043490113911474,38.831959667901366],[-77.043485607660813,38.831935797148937],[-77.043478911993049,38.831910035434305],[-77.043470372975335,38.83188328347466],[-77.043463906510283,38.831855629895976],[-77.04346043457366,38.831828065286345],[-77.043456387274077,38.831801311652605],[-77.04344888438537,38.831773838627925],[-77.043438962347793,38.831745465656596],[-77.043429040427682,38.831717272853574],[-77.043420617499962,38.83169196220075],[-77.043414153207621,38.831667821919069],[-77.043406882718628,38.831643681936818],[-77.04339546589496,38.831619273241856],[-77.043381284689559,38.831594415150064],[-77.043365491859561,38.831570818840447],[-77.04334866309884,38.831548213844599],[-77.04333298589863,38.83152533816471],[-77.043318344813315,38.831501741420816],[-77.043303358824801,38.83147913573417],[-77.043287221733777,38.831457521403678],[-77.043268090636914,38.831436628858206],[-77.043246310722608,38.831415917460383],[-77.043223724350028,38.831394755933907],[-77.043200447236586,38.831374045081922],[-77.043176594880279,38.831354325369269],[-77.043150669185508,38.83133415599503],[-77.043123015667732,38.831313536830166],[-77.043093636123032,38.831295440666402],[-77.043065293892838,38.831278605297619],[-77.043039369777475,38.831260958268281],[-77.043012524904427,38.831244302503677],[-77.042984068410476,38.83122890851169],[-77.042956188054163,38.83121396472395],[-77.042927847621854,38.831200012030031],[-77.042898586050441,38.831186420006375],[-77.042870936773426,38.831172647213798],[-77.042844208873419,38.831158874076436],[-77.042817251614537,38.831146722540886],[-77.042790871946252,38.831137453496382],[-77.042767372740556,38.831130165252901],[-77.042745601532147,38.83112359704905],[-77.042726249937203,38.831118739563841],[-77.042709663196689,38.831115142248791],[-77.04269411531051,38.831115418191715],[-77.042677534333791,38.831121459928582],[-77.042662680323332,38.831126510100461],[-77.042652661975453,38.831129036132822],[-77.042648170962025,38.831130118789979],[-77.04263193608196,38.83113715132508],[-77.042613514298111,38.831146436772954],[-77.042591983381826,38.831156534114562],[-77.04256907078566,38.831167262548732],[-77.042547426027951,38.831179612040032],[-77.042527739167284,38.831191960813875],[-77.042509318589282,38.831203318191832],[-77.042489745224415,38.831212874293485],[-77.042466369660914,38.831219819320353],[-77.042443914282046,38.831224782145398],[-77.042427791908196,38.831227400462872],[-77.042416620651451,38.831227945031578],[-77.04240971045067,38.831228037627582],[-77.042399345069001,38.83122804139385],[-77.042390359759423,38.831224711525572],[-77.042336244712487,38.831250495381077],[-77.042283622954812,38.831269702490452],[-77.042176765044303,38.831304874173632],[-77.042113202059113,38.831324265328888],[-77.042112856120852,38.831323544776481],[-77.042107219220185,38.83133453713841],[-77.042107219273319,38.831334627223079],[-77.042102043214641,38.831345889672427],[-77.042091799731537,38.831357334118643],[-77.042077870184954,38.831367788961778],[-77.042062905102171,38.831379955784904],[-77.042045523806905,38.831396177286102],[-77.042026070323459,38.831413930970001],[-77.042007191732523,38.831430062919928],[-77.041988887929762,38.831444392966851],[-77.04197242643653,38.831458001671038],[-77.041958727565941,38.831469087009424],[-77.041949979628455,38.831477738280981],[-77.041944570757636,38.831484856912745],[-77.04193835616266,38.831492786595632],[-77.041932028616941,38.831504499874207],[-77.0419267402564,38.831520717011749],[-77.041925486542482,38.831543148540675],[-77.04192665195724,38.83156648004698],[-77.041928737845382,38.831588279783439],[-77.041932666267499,38.831609718519125],[-77.041939704482786,38.831631426391077],[-77.041948931015583,38.831653223560629],[-77.041957926310801,38.831673489373408],[-77.04196692102856,38.831692764254527],[-77.041978564276448,38.831711317505011],[-77.041992626507223,38.831730500476461],[-77.041999428527191,38.831742209033266],[-77.042003117732392,38.831748513631062],[-77.042004040060348,38.831750134822748],[-77.042014877866791,38.831769949544459],[-77.042025140668613,38.831791205826562],[-77.042029638732814,38.831802014364612],[-77.042036673708239,38.83181813698301],[-77.042046128834812,38.831836871183881],[-77.042057543586978,38.831858487386441],[-77.042067806679597,38.831880194087617],[-77.042076688510903,38.831903252555513],[-77.042082001289131,38.83192847434119],[-77.042086392800641,38.83195387662807],[-77.0420937769847,38.831976214957344],[-77.042100469928073,38.831998193196782],[-77.042106472373618,38.832021072531461],[-77.042112245116158,38.832045032964281],[-77.042113861724943,38.832052149067906],[-77.042118249854511,38.832071785937053],[-77.042123907592199,38.8320960166646],[-77.042133826444854,38.832119795430209],[-77.042145818513291,38.83214375361554],[-77.042156198973672,38.832169063651349],[-77.042165658593717,38.832195274865292],[-77.042179033287709,38.83222013339379],[-77.042191369947631,38.832242469925951],[-77.042198061668117,38.83226228612795],[-77.042204056552663,38.832272283355543],[-77.042212010331767,38.832283901397801],[-77.042220194405502,38.832295429271539],[-77.042224345894269,38.832304346149186],[-77.042231150244874,38.832319838245532],[-77.042232534288388,38.83232317087645],[-77.042239224056019,38.8323396539448],[-77.042245798280931,38.832355506462122],[-77.042249839881023,38.832373341757958],[-77.042251808319719,38.832391087719564],[-77.042256310881115,38.832409373271425],[-77.042263115461864,38.832425225704142],[-77.042267386402742,38.832441349308006],[-77.0422715413726,38.832456121684082],[-77.042277770096646,38.832471974324385],[-77.04228480306007,38.83248449354133],[-77.042291490080217,38.832496292206045],[-77.042297372599592,38.832510973870413],[-77.042301989018895,38.832527007262904],[-77.042305684056046,38.832543040989215],[-77.042309607892861,38.832556462177891],[-77.042310532800528,38.832562407428711],[-77.042312845871251,38.832578621824958],[-77.042314582009624,38.832593034737585],[-77.042319198758463,38.832609608636922],[-77.042324733957727,38.832621227547918],[-77.042330962601184,38.832636900015743],[-77.042336269381039,38.832651762055924],[-77.042339504220237,38.832668606709525],[-77.042342162232998,38.832683830048772],[-77.042346663500268,38.83269986348089],[-77.042350243490006,38.832716077416364],[-77.042353478014803,38.832732381561655],[-77.042355905525923,38.832747334730236],[-77.042361788292936,38.8327623767292],[-77.042368248265802,38.832779670634167],[-77.042374016559705,38.832795883774267],[-77.042377480478052,38.832810566312013],[-77.042378869403635,38.832822096640946],[-77.042382103886283,38.832838310700573],[-77.042388906664044,38.832851010163388],[-77.042395019044747,38.832864790892145],[-77.042401475825145,38.832876679718161],[-77.042408277539863,38.832887577487455],[-77.042414503442131,38.832898565550252],[-77.042418425499278,38.832908923857673],[-77.042421887773031,38.832920813770812],[-77.042426733148744,38.832934414789051],[-77.042433881089877,38.832946483531117],[-77.042441720182666,38.832958732190704],[-77.042450826778193,38.83297197131963],[-77.042461199216774,38.832983408294602],[-77.042473299747385,38.832995655401469],[-77.042485860869945,38.833007722170137],[-77.042495427370838,38.833019609858589],[-77.042504188784463,38.833033389616709],[-77.04251306510703,38.833046718909102],[-77.0425213657782,38.833060408749091],[-77.042523095264016,38.833063561081033],[-77.042531743231635,38.833080223586542],[-77.04253531786199,38.833087338969619],[-77.042541661175903,38.833102020452365],[-77.042545700261712,38.833115441589953],[-77.042547321232519,38.833129764455215],[-77.04254871083603,38.833142375796832],[-77.042549869018188,38.833153185530186],[-77.042551370414301,38.833160121499269],[-77.042554713145535,38.83316462451198],[-77.04255632907207,38.833170479423693],[-77.042556676634575,38.833173902512883],[-77.042561176745807,38.833187863989458],[-77.042565101042015,38.833201915760391],[-77.042568679871195,38.833216057741893],[-77.042571798005284,38.833230199891247],[-77.042574340377186,38.83324452241979],[-77.042576537173815,38.833258754989707],[-77.042578158154072,38.833273077854273],[-77.042579318491804,38.833287490971379],[-77.042580018079263,38.833301814171996],[-77.042580257023559,38.833316227625268],[-77.042580028286778,38.833318930247565],[-77.042579226364651,38.833326137310323],[-77.042578194684623,38.833334335387818],[-77.042577851203092,38.833337758728945],[-77.042576819845181,38.833346497314032],[-77.042570503197055,38.83337658788367],[-77.042561306861003,38.833406138995286],[-77.042549230779841,38.833435060563566],[-77.042534390017479,38.833463172376433],[-77.042516899638656,38.83349029422174],[-77.042496759587294,38.833516336013631],[-77.042474200103513,38.833541117497745],[-77.042449336307143,38.833564548546164],[-77.042422283211565,38.833586358861787],[-77.042383025586929,38.833614929950571],[-77.042340541220156,38.833640439319517],[-77.042295290759085,38.833662796713547],[-77.042247389222069,38.833681731833956],[-77.042197527556823,38.833697064258601],[-77.042146166416032,38.833708703733855],[-77.042093536050544,38.833716470005484],[-77.042040097221275,38.833720452990519],[-77.041986540880231,38.833720472270052],[-77.041933212561119,38.833716527719666],[-77.041906259038797,38.83371212325445],[-77.04187953518273,38.833706547600563],[-77.041853271396718,38.833699890760052],[-77.041827467681841,38.833692152733299],[-77.041802239161285,38.833683243394752],[-77.041777701169067,38.833673432957312],[-77.041753853547689,38.833662451167605],[-77.041730811630828,38.833650568238717],[-77.0417086905411,38.833637694045322],[-77.041687375156798,38.833623918713734],[-77.041114297161585,38.833279097892607],[-77.041107384322814,38.833274956434806],[-77.041062796464757,38.833248126912252],[-77.040918318189028,38.833161155905508],[-77.040884445367496,38.833140808650427],[-77.040859788647268,38.833124241713634],[-77.040850800284502,38.833115866989615],[-77.040842618656754,38.833108392828834],[-77.040835358009929,38.833100197668216],[-77.040824757578918,38.833092454098626],[-77.040813234471543,38.833082458734935],[-77.040800560864056,38.833074625803491],[-77.040785815776346,38.833069676302713],[-77.040771186173174,38.833065267267543],[-77.040758284282688,38.833061037796455],[-77.040746417930194,38.833055006269745],[-77.040735011504211,38.833047623311842],[-77.040723144076921,38.833039700005898],[-77.040711967643816,38.833031686373076],[-77.040702173196124,38.833023492087932],[-77.04069272365598,38.833014216666108],[-77.04068223688698,38.833003770504916],[-77.040670714840175,38.832995576819286],[-77.040659308688035,38.832988644277023],[-77.040648478304078,38.832981531363799],[-77.040636611512625,38.832974689064351],[-77.040624629447237,38.832967666634566],[-77.040612992546642,38.832960013490968],[-77.040602046075904,38.83295127909043],[-77.040592941925667,38.832941733286404],[-77.040584990487389,38.832933898688808],[-77.040576233091301,38.832926514794025],[-77.040567590409978,38.832918320097015],[-77.040557565903001,38.832910576302737],[-77.040545699387835,38.832904184417025],[-77.040533027529079,38.832899324248572],[-77.040521047122553,38.832895184515735],[-77.040509297320099,38.832891495124777],[-77.040497547978731,38.832888616494152],[-77.04048625933271,38.832885737702547],[-77.040474970789745,38.832883039079078],[-77.04046356676767,38.832879799986742],[-77.040455387708604,38.832876739944716],[-77.040452853328702,38.832875749892231],[-77.040445135219954,38.832873140112916],[-77.040439606123684,38.83287179075937],[-77.040429583881576,38.832868010677167],[-77.040420598202473,38.83286423023501],[-77.04041460810727,38.832862340532238],[-77.040407236082785,38.832860721561467],[-77.040390069517557,38.832850638024837],[-77.04037267250834,38.832840374396135],[-77.040248013233196,38.832766728222751],[-77.040230270643193,38.832756284522596],[-77.040107685488763,38.832683898668378],[-77.040089366871285,38.832673094806111],[-77.039965860264587,38.832600078526106],[-77.039948693824428,38.832589994924163],[-77.039910213317995,38.832567306761213],[-77.039888784031092,38.83255461215365],[-77.039854231060829,38.832552732180901],[-77.039840636318587,38.83254498954382],[-77.039762063176497,38.832499883936826],[-77.039759182949552,38.832498263394619],[-77.039753303511205,38.83248817591798],[-77.039743509298248,38.832480071636326],[-77.039734521448295,38.832472237333178],[-77.039725532497656,38.832462421167691],[-77.039715852512231,38.832452605236647],[-77.039706058208196,38.832444320782571],[-77.039695687841856,38.832435676185007],[-77.039682898397714,38.832426221647339],[-77.039669187073798,38.832415866575239],[-77.039656627932331,38.832406321871716],[-77.039646718668834,38.832398397790215],[-77.039638422626609,38.832391914514176],[-77.039630357981594,38.83238732293637],[-77.039622063691908,38.832383992620926],[-77.039616764094873,38.832381021626944],[-77.039606971011494,38.832374899195386],[-77.039597869865588,38.832370398051751],[-77.039588884093362,38.832366257206793],[-77.03958208715359,38.832363106549849],[-77.039574022115914,38.832357794291141],[-77.039569067791376,38.832354372754729],[-77.039561003504403,38.832350411764445],[-77.039548447233116,38.832346001872772],[-77.03953450749421,38.83233907007844],[-77.039522640068554,38.83233069622645],[-77.039512500933725,38.832323582973032],[-77.039502707867243,38.832317460532678],[-77.039491994367836,38.832313050011109],[-77.039480935849923,38.832309540451682],[-77.039472986994525,38.832306029839465],[-77.039468147950743,38.832302788429004],[-77.03946181041826,38.832297295409013],[-77.039455819201237,38.832293243625863],[-77.039449943057861,38.832289011634209],[-77.039442684097466,38.832283428839965],[-77.039434157045406,38.832275684442386],[-77.039424823538411,38.832267489893439],[-77.039415144863995,38.83225992605275],[-77.039407193332551,38.832251550866317],[-77.03939901140815,38.832243085672459],[-77.039349356302893,38.832214545593686],[-77.03934774324253,38.83221337503722],[-77.039338410944765,38.83220734251227],[-77.039325276121019,38.832197978136129],[-77.039312602040241,38.832188703688004],[-77.039300619840276,38.832180960444404],[-77.03928829257174,38.832174028077446],[-77.039276426243063,38.832167545977342],[-77.039266171834882,38.832160162487256],[-77.039232645179098,38.832139274125538],[-77.039210524513379,38.832125498609344],[-77.039204302782338,38.832121086552021],[-77.03919335592029,38.832111090833443],[-77.039179182901677,38.832098663911545],[-77.039165126147481,38.832088218811045],[-77.039160863142058,38.832085247448312],[-77.039151530531072,38.832078584315916],[-77.039137357921305,38.832066878065888],[-77.039123989695369,38.832051838412646],[-77.039114077431137,38.832038238953906],[-77.039103935615742,38.832026080925516],[-77.039093101093599,38.832010860250364],[-77.03908088401738,38.831994739190691],[-77.03906866891829,38.831982221514863],[-77.03905622318365,38.831969163406995],[-77.03904319927787,38.831951871512913],[-77.039031558427922,38.831936380847708],[-77.039020264231368,38.831922962012207],[-77.039008161964887,38.831906120229135],[-77.038996635317929,38.831888827829253],[-77.03898741349272,38.831874057028294],[-77.038978881719473,38.831857484303193],[-77.038968391880303,38.83184064197728],[-77.038956753129085,38.831828934858827],[-77.038940507458221,38.831817139191799],[-77.038923107913448,38.831801380182831],[-77.038907435904434,38.831785530510679],[-77.038891419613748,38.831771933067309],[-77.038874364576174,38.831754282158528],[-77.038855696946669,38.831736271445557],[-77.038839334034762,38.831720602163436],[-77.038821587551453,38.831702140715095],[-77.038803380292734,38.831683499247909],[-77.038783792990543,38.831668551707097],[-77.0387637437385,38.831651262115535],[-77.038744155671253,38.831634873213872],[-77.038728945255343,38.831620554803152],[-77.03871292693546,38.831603083695668],[-77.038697944824875,38.831584981649769],[-77.038687110944409,38.831570661782202],[-77.038675700430304,38.831554900750284],[-77.038663713869099,38.831538779569463],[-77.038655761286819,38.831528152214986],[-77.038652187706234,38.831522117726983],[-77.03865207194967,38.831521036749486],[-77.038645619085472,38.831515003214804],[-77.038630409348457,38.83150185589129],[-77.038614161711024,38.831486186538854],[-77.03859941296335,38.831473579566584],[-77.038586391887506,38.831461152190492],[-77.038574290190965,38.831445031038328],[-77.038562879575878,38.831428999741163],[-77.038551125300586,38.831416391773132],[-77.038539024737943,38.831402342563869],[-77.038526347060355,38.83138595134281],[-77.038514361921855,38.831372352516048],[-77.038502837715257,38.831359203959273],[-77.038492003471106,38.8313440733113],[-77.038482090260217,38.831328311766057],[-77.03847275460781,38.831315702992448],[-77.038464455255365,38.831302643453242],[-77.038456384792354,38.831286881298333],[-77.0384472789098,38.831273191431038],[-77.038439210587896,38.831261392998961],[-77.038432984130807,38.831247972436039],[-77.038427562224143,38.8312314887295],[-77.038423638559593,38.83121689630719],[-77.038419830891456,38.831203835285677],[-77.038414064254084,38.831188793046394],[-77.038407721377439,38.831173030319192],[-77.038400689077591,38.831160240612135],[-77.038392850148867,38.831146640408079],[-77.038384433868103,38.831130247768982],[-77.03837751587578,38.831115836499016],[-77.038372326802403,38.831103947030577],[-77.038366331342374,38.831091697488283],[-77.03835918296771,38.831077196208241],[-77.038354109022492,38.83106521661643],[-77.038350418820002,38.831056389532634],[-77.038345462660828,38.831049274473223],[-77.038303510109131,38.830992534915246],[-77.03829359742349,38.830977584114905],[-77.038282994008895,38.830963174048215],[-77.038275156717816,38.830952546629071],[-77.038269508874649,38.830944170607921],[-77.038264091132334,38.830935344087742],[-77.03825752004596,38.830923455066966],[-77.038250948623968,38.830910935453275],[-77.038243111681155,38.830900938624396],[-77.038234353618833,38.830891392520073],[-77.038224211585501,38.830878243481948],[-77.038213954192798,38.830864734142061],[-77.038204159991693,38.830855909051969],[-77.038196094359336,38.830848975173176],[-77.038191599007448,38.830842040125503],[-77.038190557849262,38.830833392338747],[-77.038187326577315,38.83082123196688],[-77.03818017951852,38.830809072876015],[-77.038171881434309,38.830798175346438],[-77.038162777498314,38.83078790867242],[-77.038151022003376,38.830772688208143],[-77.038136962965993,38.830757198241443],[-77.038122790832944,38.830745581950353],[-77.038108618704399,38.830733965657615],[-77.038095251521568,38.830720006899121],[-77.038082229854098,38.830706048026308],[-77.038068748664344,38.830694251333824],[-77.038054460424547,38.830680833379034],[-77.038038674116223,38.830665794386775],[-77.038026343537581,38.830651925367022],[-77.038016662784017,38.830639767091398],[-77.038007671231199,38.830624185373246],[-77.037997987608222,38.830606622017093],[-77.037989226930591,38.830592031153586],[-77.037982769893475,38.830577889962981],[-77.037976771477858,38.830559874982178],[-77.037969852712891,38.83054375207837],[-77.037962474325653,38.830529611186293],[-77.037954979382874,38.830512857876322],[-77.037947484539387,38.830496284735155],[-77.037941833898543,38.830482503618541],[-77.037936642789944,38.830466560320197],[-77.037932257153315,38.830449265489854],[-77.037929255324983,38.830435303342185],[-77.037926368475993,38.830420980818403],[-77.037922097631437,38.83040296527286],[-77.037918288471943,38.830386841355129],[-77.03791402011899,38.830373510211139],[-77.037907792498956,38.830357567248015],[-77.037899837530702,38.830341985184177],[-77.037892114626018,38.830329646092437],[-77.037885658205369,38.830316585911724],[-77.037879544284493,38.830297850285341],[-77.037873661565712,38.830280736107554],[-77.03786893159436,38.830265603418084],[-77.037864430100569,38.830246957352166],[-77.037860620245937,38.830229482162366],[-77.03785750288948,38.830214799372499],[-77.037853807873134,38.830196693552466],[-77.037850343340352,38.830178857911491],[-77.037847686760486,38.830164355141136],[-77.037844798124397,38.830146609397772],[-77.03784202379947,38.830127242093205],[-77.037840172452135,38.830110937368055],[-77.037838089621744,38.830092470685734],[-77.037836121149923,38.830072472526851],[-77.03783450062069,38.830057068573346],[-77.03783264903818,38.830040313424583],[-77.037830450565522,38.830020945932738],[-77.037828599844062,38.830005812307647],[-77.037826633143098,38.829989147280628],[-77.037824664820491,38.829969419375225],[-77.037823044152915,38.829953745167302],[-77.037821307792356,38.829937080065456],[-77.037819224113036,38.829916991858461],[-77.037817487897399,38.829900597010422],[-77.03781678839205,38.829884562165034],[-77.037815857070584,38.829865734769832],[-77.037815387617073,38.829849159341819],[-77.03781445777534,38.829833124570911],[-77.037812835538872,38.829814477568803],[-77.03781225044068,38.829797001331301],[-77.037810629398109,38.829780606445524],[-77.037809236642232,38.829760337844654],[-77.037807499812615,38.829742771895461],[-77.037805994560912,38.829727548072754],[-77.037803911321262,38.829708270626767],[-77.037801713772808,38.829690614741949],[-77.03779997818657,38.829675390993621],[-77.037798010690764,38.829657194526035],[-77.037796158507263,38.829639268275024],[-77.03779453775806,38.829623413896613],[-77.037792569931327,38.829604586836126],[-77.037790832728092,38.829586300208952],[-77.037790939600214,38.82957062544024],[-77.037792427108002,38.829552337768696],[-77.037794259976593,38.829533779731186],[-77.037796554708862,38.829517473660992],[-77.037799193561582,38.829498555023555],[-77.037801717435542,38.829479996761954],[-77.037804242595939,38.829463870786199],[-77.037807572834367,38.829445672601864],[-77.037812399921251,38.829426843339668],[-77.037817459106861,38.829411347135171],[-77.037821596230884,38.829394499959044],[-77.037826309001744,38.829377292257391],[-77.037830793582316,38.829364138440177],[-77.037833551311294,38.82935224636816],[-77.037834236876918,38.829341976492124],[-77.03783480908848,38.829335129870813],[-77.037835036225943,38.829329094123437],[-77.037836065671698,38.829315761256666],[-77.037838246747285,38.829302337931814],[-77.037840426819486,38.829287022828851],[-77.037841914070029,38.829268284732521],[-77.03784340303865,38.829252789684162],[-77.03784500746076,38.829237835106383],[-77.037846149492481,38.829219637629926],[-77.037848789132838,38.829202250429837],[-77.037852120875925,38.829186934952901],[-77.037854529653018,38.829168556895908],[-77.037856132542586,38.829150719608386],[-77.037858542941407,38.829135404430012],[-77.037863831619219,38.829118376708685],[-77.037870386229059,38.829099636967257],[-77.037877288105932,38.829084230246075],[-77.03788441978898,38.829067832518284],[-77.037890052906121,38.829048822820681],[-77.037894651091761,38.829032786253457],[-77.037899479849145,38.829017200034606],[-77.037903040664077,38.828999542279469],[-77.037906602003304,38.828982875455608],[-77.037911661519644,38.82896809992333],[-77.037918447442181,38.828951251882046],[-77.037925463408953,38.828933863257454],[-77.037931329183948,38.828919267631541],[-77.037935812567738,38.828903951777185],[-77.037940064322896,38.828886203711335],[-77.037943626174396,38.82887052781745],[-77.037947418932987,38.828855932864613],[-77.037951901495362,38.828839085570024],[-77.037956614772739,38.828822958877709],[-77.03795983202636,38.828808994704346],[-77.037962818992739,38.828795120690465],[-77.037963736209463,38.828787373108774],[-77.037964883041525,38.828778274181957],[-77.037966602402847,38.828762959225259],[-77.037968898029064,38.828748454843215],[-77.037971423078034,38.828732238777306],[-77.037973142149383,38.828716383312354],[-77.037975322701783,38.828702059136887],[-77.037979576208002,38.828687644202041],[-77.037985325730631,38.828671066747468],[-77.037993148827425,38.828655569633831],[-77.038002124547077,38.828641873838123],[-77.038006838663279,38.828627368667412],[-77.038008327294932,38.828611333107375],[-77.038008895791563,38.828597549964215],[-77.038011651782767,38.828582504922871],[-77.038016594307777,38.828564396289543],[-77.03802199898368,38.82854908013087],[-77.038024757320883,38.828538449238323],[-77.038026593413392,38.828526107036971],[-77.038028889643613,38.828512773754042],[-77.038031302190944,38.828501602465778],[-77.038037166037313,38.828483493531081],[-77.038041302431822,38.828465475243874],[-77.038044746721695,38.82844538523409],[-77.038049113780943,38.828427997464168],[-77.038052329558468,38.828411330747031],[-77.038054277496443,38.828392772664522],[-77.038056917583702,38.828376376388967],[-77.038061055839776,38.828361871403295],[-77.03806461811881,38.828347096351223],[-77.038067720259647,38.828333312380785],[-77.038070363607702,38.828323041863072],[-77.038072547538974,38.828315113697251],[-77.038075077352659,38.828307906096171],[-77.038079217474703,38.828296914412235],[-77.038083469734715,38.828280247355693],[-77.038087952661257,38.828264210816471],[-77.038093702316843,38.828247993694177],[-77.038099220195718,38.828229074106332],[-77.038104278224679,38.828211686108148],[-77.038110603846732,38.828195739050898],[-77.038117273809704,38.828177629848064],[-77.03812267713613,38.828159881397376],[-77.038126815029571,38.828144745816104],[-77.038129914984935,38.828126908032807],[-77.038131978397701,38.828108980503316],[-77.038134850087317,38.828095016436457],[-77.038139678632504,38.828079250035969],[-77.038144966106401,38.828060240436017],[-77.038151751983989,38.828043572548154],[-77.038159113975922,38.828027444979632],[-77.038164170820423,38.828007894945863],[-77.038168192230458,38.827990327113909],[-77.038171868719417,38.827973840410991],[-77.038174046512239,38.827954471487729],[-77.038175649391036,38.827936814361777],[-77.038178059006043,38.827920237988252],[-77.038179545706043,38.827900689121392],[-77.038179996252751,38.827881771186419],[-77.03818159874308,38.827863393382678],[-77.038182969986366,38.827843304045167],[-77.038183190586409,38.827825106862825],[-77.03818433265387,38.827807179633055],[-77.038186395321077,38.82778790083141],[-77.03818799881941,38.827771414805795],[-77.038190754307365,38.827755558996024],[-77.038193393905971,38.827738351953514],[-77.038196840816695,38.827723306679616],[-77.038200288737997,38.827710153184029],[-77.038202008601473,38.827695919237584],[-77.038204073140534,38.827680153738207],[-77.038208673192131,38.827667900712107],[-77.038212006714787,38.827656188608863],[-77.038214763687535,38.82764312542362],[-77.03822051422874,38.827628709987337],[-77.038226380704302,38.827615735868036],[-77.03823386001919,38.827603752151852],[-77.038243642970244,38.827592398273111],[-77.038251467244038,38.827579423510898],[-77.038257102318113,38.827564467602265],[-77.038264465298923,38.827550321889127],[-77.038272865195935,38.827536986597764],[-77.038279881951553,38.827521489726493],[-77.038285977723035,38.827506623749912],[-77.03829299597048,38.82749391950329],[-77.038297942020904,38.82748265729159],[-77.03829908704995,38.82747031531072],[-77.038298618804617,38.82745617216505],[-77.038301375318824,38.827442298215175],[-77.038305514099335,38.827428964319736],[-77.038309882241251,38.827413828654606],[-77.038313904790414,38.827398512933357],[-77.038317122441754,38.827385539678644],[-77.038319419064422,38.827373107234521],[-77.03832332731487,38.827359413075172],[-77.038327004702609,38.827344728059636],[-77.03832976111039,38.827330673939429],[-77.038332978127002,38.827316529583108],[-77.038336539378676,38.827300042911119],[-77.038339870251207,38.827283466229922],[-77.038343777960719,38.827268781138031],[-77.038348145504045,38.827252564454739],[-77.038353778935303,38.827234635745661],[-77.038361256107834,38.827218778378644],[-77.038368732938196,38.82720229041815],[-77.038374827066249,38.827184451641173],[-77.038379770370824,38.827168144682453],[-77.038385059262993,38.827152017779227],[-77.038390922811928,38.827133728653521],[-77.038396326427332,38.827116790949532],[-77.038401040072017,38.827101745251262],[-77.038403449461171,38.827084898616853],[-77.038403440255664,38.827067782524118],[-77.038401705573932,38.827054360472488],[-77.038398934463899,38.827041028846558],[-77.038394667044656,38.827029229152998],[-77.038389135146176,38.827021753941537],[-77.038383948644451,38.827014098446831],[-77.038381639745154,38.827003649379243],[-77.038382555392317,38.826993109166345],[-77.038386808424065,38.826978153704594],[-77.038392326272358,38.826959504353184],[-77.038397730843101,38.826944368342666],[-77.038403365012769,38.826927880985579],[-77.038410264723325,38.826909051008961],[-77.038417395630447,38.826891842480691],[-77.038424757249757,38.8268753545537],[-77.038431197554786,38.826858866929648],[-77.038436372315346,38.826844721924658],[-77.038441203182927,38.826833549828386],[-77.038446264328016,38.826822287571332],[-77.038447871528149,38.826812828146409],[-77.038448899707518,38.826797423320819],[-77.038450158407926,38.826782378758097],[-77.038450380440395,38.826766974198016],[-77.03845186810895,38.826749407187663],[-77.038454162165053,38.826732290335087],[-77.038456226474963,38.826716254574727],[-77.038457599365614,38.826699408279708],[-77.03845793651125,38.826683913596767],[-77.03845746867627,38.826670581212383],[-77.038457231071447,38.826657068582605],[-77.038454919504744,38.826641664857156],[-77.038452608375579,38.826627071894009],[-77.038452140590493,38.826613829594137],[-77.038452939215347,38.826599866199231],[-77.038454427850183,38.826584100882449],[-77.038456839926241,38.826572298989028],[-77.03845890820952,38.826563650174158],[-77.038459941283477,38.826557343903133],[-77.038460511665889,38.826547254226327],[-77.038463150621155,38.826529056242663],[-77.038465675188135,38.826512299652173],[-77.038468199656876,38.826495362892189],[-77.038471644217083,38.826476173710695],[-77.038477162926753,38.826459235963213],[-77.038483488067442,38.826442838457901],[-77.038490618084936,38.826424098483841],[-77.038498785538209,38.826407159861539],[-77.038505571613214,38.82639130271113],[-77.038510975485352,38.826374995592801],[-77.03851810616915,38.826357516802808],[-77.038525813588038,38.826341749431691],[-77.038532368644226,38.82632463116969],[-77.038538347055976,38.826305981657335],[-77.038538914410836,38.826290306727728],[-77.038542130318135,38.82627427058447],[-77.038548915203776,38.826256251398149],[-77.038554088389546,38.826239313760631],[-77.038558340270271,38.826222376427197],[-77.038561323703945,38.826202376632033],[-77.038565344330735,38.826183727764878],[-77.03856948026413,38.826165349113602],[-77.038573730287482,38.826144988560415],[-77.038577981427864,38.826126699955381],[-77.038581196053428,38.826108321608068],[-77.038584870403014,38.826088231498787],[-77.038587970495456,38.826071024290542],[-77.038589803311282,38.826052916653964],[-77.038592095802642,38.826033007170693],[-77.038593929346874,38.826016250804649],[-77.038595647484257,38.825999044053034],[-77.038597710864693,38.825981386763516],[-77.038600582913347,38.825968413612394],[-77.038603686844169,38.82595832309584],[-77.038606562105372,38.825951295535667],[-77.038607814175506,38.825945376554678],[-77.038607015497732,38.825937872760839],[-77.038610690415808,38.8259188636668],[-77.038616552344166,38.825897871984758],[-77.038623105437608,38.825877240412574],[-77.038630004501286,38.8258575095727],[-77.038634600463169,38.82583804974908],[-77.038640232345884,38.825817598650183],[-77.038646670701809,38.825797777876993],[-77.038651496930754,38.825778227891504],[-77.038656668984629,38.825759308384413],[-77.03866126605476,38.825741920507951],[-77.038666093885624,38.82572534331738],[-77.03867391665834,38.825710116405091],[-77.038680817253478,38.825693268272673],[-77.038687256563051,38.825675249191221],[-77.03869288963827,38.825657050207191],[-77.038699444689271,38.825640112103414],[-77.03870173801559,38.825621824141628],[-77.038702074566061,38.825605338523488],[-77.038700569503817,38.825590655210746],[-77.038697912531376,38.82557543177154],[-77.038693527108407,38.825558317125889],[-77.038689369765791,38.825537058506569],[-77.03868567253555,38.82551480880241],[-77.038683358272422,38.825494450419072],[-77.038683347682365,38.825474902034649],[-77.03868322124741,38.825454092502248],[-77.038682748254303,38.825431301220398],[-77.03868250538936,38.825408149523241],[-77.03868237729553,38.825384277110082],[-77.038682710238078,38.825361125221896],[-77.038682238319353,38.825340315803594],[-77.038681882733457,38.825321668380433],[-77.038682793532288,38.825302299859558],[-77.038685200012324,38.825280318385282],[-77.038688297751548,38.825258877190166],[-77.03869231868255,38.825240948993688],[-77.038696455260961,38.825223921606067],[-77.038699554458915,38.825205182952203],[-77.038702883831249,38.82518617396763],[-77.038707826043563,38.825168245464859],[-77.038710349088788,38.825148876408463],[-77.038710338442542,38.825129237938249],[-77.0387084856103,38.82511032075702],[-77.038707671083785,38.825094826451462],[-77.038705706559199,38.825082305323853],[-77.03870374325588,38.82507203631441],[-77.038704199358762,38.825063658282041],[-77.038705576993308,38.825055730367673],[-77.038707643639896,38.825044198835066],[-77.038713508398359,38.825028612228948],[-77.038720293513123,38.825011313706973],[-77.038727307431756,38.8249912224816],[-77.038734435725473,38.824969689861803],[-77.038740297050722,38.824947797323198],[-77.038746388889436,38.82492626504667],[-77.038750407733843,38.824904553288619],[-77.038754195814548,38.8248820308443],[-77.038757292342197,38.82485842761249],[-77.03876177118623,38.824835544599367],[-77.038765789923119,38.824813652671025],[-77.038769579754842,38.824794373276184],[-77.038771873329608,38.824776625818956],[-77.038774858453024,38.824759959148906],[-77.038780146832991,38.824743381798037],[-77.038786470039526,38.824723831306237],[-77.038791755820398,38.82470247946393],[-77.038797964202431,38.824683559602839],[-77.038804290042393,38.824668873685454],[-77.038810500670436,38.824654097721272],[-77.038812202075761,38.824648638019589],[-77.038902267837074,38.824498607911707],[-77.039030983676057,38.824290523202713],[-77.039205481303512,38.824199470095976],[-77.039516668467016,38.824017438964198],[-77.040119598894861,38.82363225600362],[-77.040920173447105,38.823396208163814],[-77.041053306729424,38.823354010739138],[-77.040924190228239,38.822869850446224],[-77.040720075887052,38.822106381273521],[-77.039905907395635,38.821834011931323],[-77.039577517049906,38.82147969417197],[-77.039967500299042,38.82065423133966],[-77.03974403733713,38.820021182615456],[-77.039026917274896,38.819484077740974],[-77.038921426249729,38.819377911979785],[-77.038849975518914,38.81925269986948],[-77.038848555767999,38.819246475480796],[-77.038846707315102,38.819235395662787],[-77.038846930708658,38.819222693628113],[-77.038847499262673,38.819209450969581],[-77.038849219870585,38.819197198860508],[-77.038851286275431,38.819185577230058],[-77.038852776481207,38.819173145027911],[-77.038852998991302,38.819158821466566],[-77.038854258305179,38.819145308323343],[-77.038856209066111,38.819132785882971],[-77.038858390423343,38.819120803874668],[-77.038862068257302,38.819107920519642],[-77.038867819157289,38.819095667067728],[-77.038874837553536,38.819084944635279],[-77.038882202039233,38.819075393189863],[-77.038888645165372,38.819065571796514],[-77.03889531810178,38.819054849477901],[-77.038902566841401,38.819044217051768],[-77.038910391973261,38.819034755535718],[-77.038918908108627,38.819025473958284],[-77.038928000685303,38.819017453375551],[-77.038937553766516,38.819009252468739],[-77.038947452004322,38.819000510936945],[-77.038957580443807,38.818991589157783],[-77.038967593877032,38.818982937670619],[-77.038977722901549,38.818975096907437],[-77.038987391909473,38.81896833731502],[-77.038996255103555,38.818962028415235],[-77.039003621183994,38.818955449760715],[-77.039009950952291,38.818948961537053],[-77.039014553403888,38.818942383805762],[-77.039017313830897,38.818936527368898],[-77.039018231889585,38.818930761632842],[-77.03901938020087,38.818924905734946],[-77.039020068400092,38.818919950839231],[-77.039019027463027,38.818911573298223],[-77.039098493127341,38.81893244637812],[-77.039124833950893,38.818879918093344],[-77.039051240543699,38.818858142217714],[-77.039074012831108,38.818807687089148],[-77.038974161581777,38.81877943384697],[-77.038962068876558,38.81877601466195],[-77.03897379975767,38.818749435719027],[-77.03897437492158,38.818748354508948],[-77.038976329584031,38.818743038850961],[-77.038979549872053,38.818735830988686],[-77.038982193815514,38.818727542300884],[-77.03898311000556,38.818718353341957],[-77.038982413101891,38.818707363225286],[-77.038979757898872,38.81869502249031],[-77.038976297182955,38.818683672957512],[-77.038972490819489,38.8186719632007],[-77.038968914611019,38.818659983112354],[-77.038965913665393,38.818647101983451],[-77.038962220637629,38.81863205904957],[-77.038955992578934,38.818613863992752],[-77.038949304117722,38.818596029428555],[-77.038943307742002,38.818580356668939],[-77.038937887170448,38.818564773801697],[-77.038932350959627,38.818548290124383],[-77.03892658341934,38.818529914742413],[-77.038922313279173,38.818512349624164],[-77.038918964589527,38.818495234622539],[-77.038913774428579,38.818479831846759],[-77.038910429227457,38.818469112866971],[-77.038910428932951,38.818468572358022],[-77.038907891846463,38.818461636671714],[-77.038902240205843,38.818444612522214],[-77.038895896194418,38.818424886058111],[-77.038889898814503,38.818407321514144],[-77.038883900849029,38.818388675951986],[-77.038878593591477,38.818369669819951],[-77.038873746103661,38.818349132092237],[-77.038868554197975,38.818330486260543],[-77.0388646296323,38.8183131011942],[-77.038861741271916,38.818295445528037],[-77.038860119416128,38.818277519185486],[-77.038859994020939,38.818258691496077],[-77.038861596120356,38.818240313655437],[-77.038864811004316,38.818223196465354],[-77.038868025445552,38.81820526851174],[-77.038868014658931,38.818185449850688],[-77.038865699306626,38.818162749242397],[-77.038862924729187,38.818142571162468],[-77.038860036376107,38.818124915495801],[-77.038855535437804,38.818106359517643],[-77.038851954327313,38.818085280857453],[-77.038850906511954,38.818064201353593],[-77.038852392724579,38.818044472278523],[-77.038852726753944,38.818023482399262],[-77.038850641710866,38.818000781713394],[-77.038847635031743,38.817977270570708],[-77.038844514185072,38.817955561162734],[-77.03884093171358,38.817931960126586],[-77.038835045765964,38.817907459008424],[-77.038829160654984,38.817884489331981],[-77.038824659103199,38.817864762249208],[-77.03881946616832,38.817844134547755],[-77.038815308894513,38.817822245313636],[-77.038809770027981,38.817800716878274],[-77.038804001796422,38.817780900130842],[-77.038798348325713,38.817760362666228],[-77.038792579953764,38.817740275663638],[-77.038786121032885,38.817720819484201],[-77.038779432795636,38.817703165077447],[-77.038770671927296,38.817685601443856],[-77.038763063580589,38.817669929208463],[-77.038759374899755,38.81766272364613],[-77.038755454748284,38.817653356124197],[-77.038748190144602,38.817634530803929],[-77.038740234162205,38.817614804864242],[-77.038732738437957,38.817594448177225],[-77.038724320745345,38.817572650438102],[-77.038716132281067,38.817548870755594],[-77.038708175194117,38.817527072862276],[-77.038700333651235,38.817505995608869],[-77.038693297226914,38.817483206475757],[-77.038686259733495,38.817458435475793],[-77.03868025999796,38.817436276591913],[-77.038673684961964,38.817414928661989],[-77.038666993854605,38.81739186915793],[-77.038659265975625,38.817367999233284],[-77.038651309657425,38.817347552608041],[-77.038643007947144,38.817327196181431],[-77.038634129817041,38.817305578757122],[-77.038623984231336,38.81728243030912],[-77.038616143032527,38.817261893558275],[-77.038609108022811,38.817241626794633],[-77.038603224889869,38.817222080328207],[-77.038599530600166,38.817204424919247],[-77.038598721689425,38.817199110180525],[-77.038594104852834,38.817178932700642],[-77.038593180599733,38.81717325766062],[-77.038589949926049,38.81716118735882],[-77.038584184192032,38.817145784755652],[-77.038575654320368,38.817129302047768],[-77.038565858260867,38.817113630521469],[-77.038555487437804,38.81709976088132],[-77.038545232642022,38.817087512729245],[-77.038539698921269,38.817075263016953],[-77.038538656220112,38.817063462245407],[-77.038541760307467,38.817054362649763],[-77.03854751357693,38.817046703536562],[-77.038552114440975,38.817037333191571],[-77.038555102939782,38.817027422870026],[-77.03855567332991,38.81701751334748],[-77.038554169840566,38.817005352388811],[-77.038552435618087,38.816992380742612],[-77.038550355028406,38.816977697598553],[-77.03854907930797,38.816960852151972],[-77.038547687224636,38.816941754622341],[-77.038545259540783,38.816924008707645],[-77.038543756249638,38.816912208088027],[-77.03854260029847,38.81690392066303],[-77.038541441236077,38.8168898678082],[-77.038540279548869,38.8168709503719],[-77.038538080123018,38.816849420817405],[-77.038535190784529,38.816829693187849],[-77.038532763642266,38.81681293820585],[-77.038529530613488,38.816796453744395],[-77.038524338667557,38.816777357468752],[-77.03851995149418,38.816755918720801],[-77.038516601622916,38.816736281327373],[-77.038512561257065,38.816717364840613],[-77.038509211001042,38.816697006768109],[-77.038504938110179,38.816673946454145],[-77.038501588149757,38.816654128890335],[-77.038499276994358,38.816638905311521],[-77.03849754361633,38.81662746510618],[-77.038496503259495,38.816619988405961],[-77.038494885078208,38.816608638247381],[-77.038491421481552,38.816591613351292],[-77.038486806559291,38.8165748590894],[-77.038484726529333,38.816561166876525],[-77.038484374097152,38.816548194772686],[-77.038483790933626,38.816534411981159],[-77.038482515916414,38.816518827720515],[-77.038480779097597,38.816500991490585],[-77.038478581351342,38.816482524818589],[-77.038476268944436,38.816464959032878],[-77.038474071637239,38.816447303124292],[-77.038471758019341,38.816427485217218],[-77.038468637548831,38.816406136133416],[-77.038465517662317,38.816385868067613],[-77.03846274418882,38.816367401584763],[-77.038460085669641,38.816348574724429],[-77.038457656620906,38.816328216345639],[-77.038454536449862,38.816307407770218],[-77.038451648126482,38.816289481833934],[-77.038448185089095,38.816273447869065],[-77.03844460729438,38.816258134620796],[-77.038440338863239,38.816243272024245],[-77.038433997599,38.816228049770857],[-77.038427426916542,38.816214449120238],[-77.038420626912497,38.81620265024209],[-77.038414172592965,38.816191301674003],[-77.038407833325294,38.816179772897947],[-77.038401378041058,38.816166622632139],[-77.038397570017025,38.816151399542818],[-77.038394452486543,38.816135455547204],[-77.038389263433501,38.816121584185005],[-77.038384075544428,38.816109874858988],[-77.038378657654548,38.816098706117536],[-77.038373240153618,38.816088258054677],[-77.038368630518747,38.8160812329509],[-77.038364020110507,38.816072766489263],[-77.038357334841393,38.816060156805641],[-77.038350187634506,38.816045024897079],[-77.03834269518488,38.816030253440992],[-77.038334282002481,38.816016293050716],[-77.038326674364484,38.816001431546518],[-77.038319296587261,38.815985759202448],[-77.038312378335263,38.815968104839875],[-77.03830557561956,38.815951171117867],[-77.038296816338658,38.815935949650189],[-77.03828874769745,38.815920277530779],[-77.038280219440665,38.815906407259021],[-77.038273995221218,38.815894608182852],[-77.038271228043868,38.815887762640358],[-77.038266272993482,38.8158807376456],[-77.038258665673652,38.815866416645783],[-77.038251288021797,38.815850924466851],[-77.038243910131939,38.815834981863091],[-77.038236301470874,38.815818138485731],[-77.038228461798056,38.815799943910477],[-77.038220392078358,38.815782199834345],[-77.038212553618607,38.815766257379288],[-77.038205060455525,38.815750044556047],[-77.038197221231812,38.815732660742221],[-77.038189265998909,38.815713655438003],[-77.038181080911968,38.815695460972321],[-77.03817232120754,38.815679338646106],[-77.038164251852308,38.815662225159777],[-77.038155837785624,38.815646463058684],[-77.03814742343387,38.81563016044776],[-77.038138202488611,38.815612777081384],[-77.038129097222594,38.815596384610053],[-77.036139995758575,38.814812495483849],[-77.036131459238234,38.814280501818601],[-77.036494571304033,38.812986760616809],[-77.037054845551609,38.81098106839881],[-77.037483277341181,38.809405778193835],[-77.038334767954126,38.805101970421717],[-77.038784663954814,38.802782906817271],[-77.038995574682687,38.801626018244782],[-77.03918531704123,38.800590967264355],[-77.039144152813549,38.797676791191741],[-77.039123568378244,38.796875256700162],[-77.039042782180346,38.793213880811038],[-77.03902263587355,38.791882392463918],[-77.039022885702821,38.791644351256487],[-76.961774622685851,38.851942038450005],[-76.961789795655335,38.851940998438302],[-76.961845441126925,38.851937683515622],[-76.961898205716253,38.851935808975931],[-76.961967214399195,38.851933399199076],[-76.962294746405789,38.851921884554997],[-76.962328731720916,38.851921805441457],[-76.96236271646606,38.851922807330084],[-76.962396700690064,38.851924800136516],[-76.962430465506401,38.851927783790408],[-76.962464091511904,38.851931848402103],[-76.962478490914663,38.851934015055242],[-76.962497498159806,38.851936813777229],[-76.962530673836341,38.851942860080882],[-76.962563503385809,38.851949897192029],[-76.962595986856655,38.851957835026582],[-76.962610961205243,38.851962073787682],[-76.962724302635181,38.851999765289655],[-76.962770719963828,38.852019058151917],[-76.962815869129784,38.852040152278811],[-76.962859634977605,38.852062957550785],[-76.962901787100122,38.852087473896219],[-76.962942325545313,38.852113611232468],[-76.962981135109715,38.852141369524681],[-76.963018227407588,38.852170568609488],[-76.963053222263383,38.852201208368221],[-76.963218243560164,38.852353863360889],[-76.963522110763932,38.852642138518142],[-76.963993073679148,38.85309315683655],[-76.964129987568271,38.85322508244807],[-76.964345435079565,38.853432702744179],[-76.964649897869606,38.853723227202011],[-76.964687437504452,38.853759452461311],[-76.964725092384711,38.853795677743143],[-76.964762632140378,38.853831812893546],[-76.964800287096963,38.853868038150686],[-76.964837826928758,38.853904173276433],[-76.964875482005993,38.853940308424612],[-76.964913137077176,38.853976533644683],[-76.964950907438464,38.854012668802682],[-76.964988562630168,38.85404880391372],[-76.965026217904253,38.854084848928089],[-76.965083334485868,38.854139006700258],[-76.965139644478356,38.854193614624734],[-76.965195032629168,38.854248762752647],[-76.965249614145421,38.85430445111961],[-76.965303273818193,38.854360679692441],[-76.96535612689874,38.854417358422324],[-76.965439734655291,38.854510350214383],[-76.965509270403231,38.854590365647759],[-76.965558551391567,38.854649025083333],[-76.96557478608706,38.854669208757286],[-76.965626598914952,38.854733814474407],[-76.965710047042691,38.854848831634584],[-76.965830972830304,38.85498827255423],[-76.965890385419115,38.855062339226734],[-76.965899020957565,38.855073151866023],[-76.965967069246759,38.855158031136988],[-76.966035117740546,38.855242820282811],[-76.966103166353236,38.855327699472049],[-76.966171215127858,38.855412578620445],[-76.966239148854172,38.855497457694689],[-76.966292575571771,38.855562604079481],[-76.966345080534808,38.855628110510615],[-76.966397009372614,38.855693977088791],[-76.966448131663427,38.855760203748495],[-76.966498562616437,38.855826790523906],[-76.966548187019711,38.855893737382871],[-76.966597004913808,38.855960954242157],[-76.966645131465981,38.856028531219877],[-76.966692451463956,38.856096468284051],[-76.966739080159101,38.856164675384228],[-76.966783060761244,38.856229278340045],[-76.966827156654361,38.85629388131143],[-76.966871022162593,38.856358574284279],[-76.966915003003635,38.85642317718839],[-76.966958868670858,38.856487870126891],[-76.967002734459314,38.856552472963898],[-76.967046600285613,38.856617165868052],[-76.967090466191337,38.856681858755017],[-76.967134216964581,38.856746551592366],[-76.967178083029296,38.856811244445055],[-76.967216883473242,38.856868008441737],[-76.967225403474274,38.85688044246416],[-76.967267427751182,38.856941981815005],[-76.967272724011053,38.856949640463284],[-76.967319929385809,38.857018928494462],[-76.967358729931846,38.857075962694886],[-76.967414167611608,38.857157459406807],[-76.967461200421255,38.857226792372373],[-76.967508175736285,38.857296080260042],[-76.967555151101649,38.857365458212271],[-76.967602011345065,38.857434836112795],[-76.967648756466218,38.857504213961803],[-76.967670978110405,38.857536290116578],[-76.967724170594707,38.857616119494232],[-76.967775979333169,38.857698831161223],[-76.967795665987779,38.85773180743417],[-76.967814891724544,38.857764963745097],[-76.967833783277982,38.857798300129105],[-76.967852190910349,38.857831726460944],[-76.9678772860414,38.857879478027641],[-76.96787935818935,38.857883262136752],[-76.967921143071564,38.857967322241556],[-76.967930696934502,38.857987143403655],[-76.967954983570607,38.858039579111924],[-76.967963500726967,38.858058949565262],[-76.967978233233296,38.858092194698777],[-76.968000561094286,38.858145080280721],[-76.968021851937493,38.858198235826656],[-76.968042220975221,38.858251661368719],[-76.968061668246108,38.85830526682313],[-76.968079963278356,38.858359142211611],[-76.968102857066981,38.8584350894957],[-76.968123561699812,38.858511306429484],[-76.968142192304896,38.858587973214028],[-76.968158633740913,38.858664909650379],[-76.968173001216329,38.858742115770866],[-76.968175528924561,38.858757881203687],[-76.96818517954928,38.858819501460623],[-76.968195283948404,38.858897066751702],[-76.968197004636167,38.858914003059049],[-76.968203314406921,38.858974811644657],[-76.968209040486485,38.85905273607716],[-76.968210296065294,38.859079221187272],[-76.968212692691651,38.85913065994378],[-76.968191978845908,38.859591615366206],[-76.968168179371986,38.85999536642143],[-76.968162593973759,38.860118600126604],[-76.96816213161695,38.860121933117021],[-76.968148950430148,38.86022588672278],[-76.968166805317253,38.86023453967772],[-76.968215070429025,38.860259506157213],[-76.968262759045004,38.860285463386404],[-76.968265178018044,38.860286815307262],[-76.96830953711482,38.860312231106953],[-76.968355370033677,38.860339899394745],[-76.968400407625339,38.86036837820722],[-76.968444638328933,38.860397757626401],[-76.968487831748718,38.860427947506693],[-76.968530103102893,38.860458947880453],[-76.968571452391899,38.860490758748483],[-76.968638367646804,38.860551043085849],[-76.968705167717559,38.860611507521789],[-76.968771737425172,38.860672061941493],[-76.968850236546061,38.860855043960107],[-76.96891711075672,38.861010907477208],[-76.96895221962815,38.861086587559015],[-76.969179335373724,38.861576525668745],[-76.969185091001023,38.86158895880844],[-76.9692610698376,38.861742932743084],[-76.969268207824314,38.861756086915861],[-76.96927580677206,38.861769061041066],[-76.969278224806459,38.861772755129685],[-76.969283981939924,38.86178176506472],[-76.969292618069119,38.861794289040567],[-76.969301830380076,38.861806632998793],[-76.96931138843253,38.861818796878772],[-76.969321522705911,38.861830690656674],[-76.969332002759657,38.861842314271939],[-76.969342943814311,38.861853667754623],[-76.969354461090163,38.861864751134846],[-76.969359868944565,38.861882228889428],[-76.969371837561468,38.861915563184432],[-76.969385073730891,38.861948627557766],[-76.969399577454226,38.861981422008974],[-76.969415348810401,38.862013766369202],[-76.969432387723757,38.862045840806339],[-76.969450579090591,38.862077375037181],[-76.969545341878103,38.862227029645211],[-76.969582557736075,38.862282296992234],[-76.969730730836204,38.862502375151422],[-76.96975730701395,38.862542307351994],[-76.969769996336311,38.862561390469764],[-76.969809261939346,38.862620315690194],[-76.969848412347545,38.86267933095121],[-76.96988756282046,38.86273834619854],[-76.969926713358262,38.862797361432172],[-76.969965760260891,38.862856376625416],[-76.970004784145956,38.862915481883242],[-76.970043819655515,38.86297449704626],[-76.970082739969769,38.863033602250262],[-76.970121660348468,38.863092707440742],[-76.97015505403246,38.863142442450119],[-76.970188332502914,38.863192267504296],[-76.970221611019795,38.863242092548511],[-76.97025488958316,38.86329191758287],[-76.970271494304129,38.8633168571128],[-76.970420361163107,38.863541402709345],[-76.970453294298068,38.863591317681241],[-76.970474713131793,38.863621951718919],[-76.970495901425792,38.863652855946803],[-76.970516628807701,38.863683850138479],[-76.970537010500507,38.863714934323262],[-76.97055704642932,38.863746288669674],[-76.970576621444934,38.863777732980495],[-76.970595850770223,38.863809267284999],[-76.97060476288739,38.863824277552105],[-76.970614734330596,38.863841071751672],[-76.970633168535741,38.863872876102143],[-76.970651233930568,38.863904950609303],[-76.970676217624003,38.863953242001855],[-76.970699357511549,38.864002163515259],[-76.970720538440176,38.864051534953369],[-76.970739990817066,38.864101446459095],[-76.970757484264908,38.864151717807303],[-76.970760936373253,38.864162979192734],[-76.970773134003821,38.864202349027664],[-76.970785559183298,38.864248835567139],[-76.970786824769078,38.864253430176248],[-76.97079855666739,38.864304691001323],[-76.970802696045126,38.864325951899502],[-76.970808444882039,38.864356221616326],[-76.970816385707181,38.864408021995899],[-76.970821883194432,38.86446126311062],[-76.970825318132171,38.864514593793459],[-76.970826805740572,38.86456801407342],[-76.970826196259878,38.864621433828972],[-76.970823524289656,38.864674762984528],[-76.970818893490886,38.864728091650136],[-76.970812188707768,38.864781239628321],[-76.970805142624116,38.86482366750554],[-76.97080340993584,38.864834206918836],[-76.970792672432566,38.864886903465816],[-76.970779860931543,38.864939419324124],[-76.970768205391977,38.864982836970199],[-76.970754936755696,38.865026074042504],[-76.970740400733277,38.865069040542984],[-76.970724366871579,38.865111736413382],[-76.970706835242027,38.865153981484831],[-76.970688036219613,38.865195955982713],[-76.970667739424911,38.865237479680388],[-76.970646175307351,38.865278552634848],[-76.970623113413296,38.865319174787551],[-76.970598784192532,38.865359346195561],[-76.970538943083355,38.865453378965491],[-76.970522684180253,38.865482472042366],[-76.970506655679088,38.865511655259134],[-76.970490742353846,38.865540928586853],[-76.970475059468257,38.865570201970506],[-76.970467079529072,38.865585370122936],[-76.970459606985216,38.865599565494357],[-76.970444281201324,38.865629019132221],[-76.970429162775091,38.865658562904606],[-76.970414171085423,38.865688106706962],[-76.970399409836531,38.865717650565692],[-76.970384878953951,38.865747374649118],[-76.970363426678944,38.865795834476046],[-76.970343011228593,38.865844744982709],[-76.970323874693534,38.865893835978703],[-76.970305867243539,38.865943197510724],[-76.970289023449013,38.865992829588023],[-76.970273447016609,38.866042732237538],[-76.970258907531814,38.866092815316925],[-76.970245635413832,38.866143168969444],[-76.970234438796794,38.866190099951865],[-76.970233630740253,38.866193613027271],[-76.970222778248768,38.866244237545516],[-76.970214926393638,38.866283512226531],[-76.970211000312389,38.866303509903233],[-76.970200720240186,38.86636296280976],[-76.970192053263546,38.866422596294782],[-76.970189509261544,38.866444125753354],[-76.970184999424035,38.866482320274564],[-76.970179443497813,38.866542134720007],[-76.970175500716536,38.866602039660684],[-76.97017305585625,38.866662035067364],[-76.970172224186541,38.866722030885455],[-76.970173005711445,38.866782027115015],[-76.970175400472726,38.8668419336718],[-76.970179061358678,38.866905173663994],[-76.970184450755184,38.866968233928468],[-76.970191568629289,38.867031204549122],[-76.970200414985342,38.867094085525636],[-76.970210989865635,38.867156786773506],[-76.970220763761901,38.867206065281316],[-76.970223293274586,38.867219308292228],[-76.970237325216615,38.867281650081374],[-76.970238820678119,38.867287686098585],[-76.970253085771262,38.867343631971977],[-76.970265166859775,38.867386785342063],[-76.970270459638584,38.867405434102324],[-76.97028956212678,38.867466876332749],[-76.970309013146988,38.867521562339213],[-76.970329731872155,38.867575888327586],[-76.970351603037642,38.867629944352011],[-76.970374741875617,38.867683730441065],[-76.970399033158884,38.867737246564886],[-76.970424476964411,38.867790312554419],[-76.970451188449672,38.867843108606408],[-76.970479052461641,38.867895454522554],[-76.970508068965088,38.867947440386224],[-76.97053812273181,38.867999066167464],[-76.970636462953095,38.868160521658723],[-76.970693924177596,38.868255034320725],[-76.970732611759573,38.868328012148403],[-76.970736411531377,38.86833494957672],[-76.970797671263782,38.868440183144919],[-76.970883573477465,38.868587492100879],[-76.970896814927372,38.868612358613369],[-76.970908442928206,38.868637765226921],[-76.970918457515324,38.868663621857898],[-76.97092202520875,38.868674613006441],[-76.970926858760336,38.868689748338554],[-76.970933531430305,38.868716144640601],[-76.970938590754898,38.868742810792931],[-76.970941806305817,38.868769656654351],[-76.970942607461595,38.868783079384265],[-76.970943523812608,38.868796592226921],[-76.970943397578523,38.868823617424709],[-76.970941542943379,38.868850462024163],[-76.970940008311786,38.869223409791005],[-76.970941545713984,38.869409704070939],[-76.970942207914518,38.869481411169474],[-76.970942867915809,38.869558523311781],[-76.970942867182302,38.869560324993294],[-76.97093990403512,38.869904022058904],[-76.970939118165219,38.869994529338449],[-76.970943232977504,38.870331778120139],[-76.970943578419096,38.870360722219033],[-76.970941490699687,38.870676916789584],[-76.970940999978112,38.870750064930874],[-76.97094051431732,38.870810781471327],[-76.970940509145478,38.870823483323456],[-76.97093985024577,38.871168153796397],[-76.97093933996311,38.871430829777815],[-76.970939213356061,38.871458755803964],[-76.970939068701412,38.871531003181076],[-76.970938923129467,38.871605502658454],[-76.970937970404364,38.871964217115618],[-76.970938289152357,38.872030428970625],[-76.97093901947423,38.872217894053307],[-76.970939225334803,38.872278340498504],[-76.970939432369462,38.872335904254001],[-76.970939536858978,38.872362298904633],[-76.970938450694149,38.872765694964691],[-76.970938541024267,38.872826862047773],[-76.970938879507997,38.872957817293347],[-76.970939336705527,38.873136841404673],[-76.970938867167575,38.873157920951066],[-76.97093943477681,38.873179000755449],[-76.970941154772945,38.873200080846487],[-76.970943911954976,38.873221071111466],[-76.970948051196444,38.873244043568711],[-76.970953458140272,38.873266836173002],[-76.970960132787638,38.87328944892414],[-76.970968190451842,38.873311701682447],[-76.971049911556776,38.873270373399428],[-76.971062705689704,38.873263890520121],[-76.971384631067437,38.8731055120329],[-76.971753928131335,38.872921380087469],[-76.972039659432582,38.872779025985039],[-76.972131053064615,38.872753644131755],[-76.972230168411571,38.872726102026348],[-76.972288772622591,38.872859710571838],[-76.972399472770391,38.872913057526134],[-76.972432217370581,38.872928838974438],[-76.972678886848769,38.873043871191356],[-76.972915844225597,38.873154378414583],[-76.973222267631698,38.873297286310923],[-76.973398436543846,38.873381104715953],[-76.973495911461882,38.873427520151068],[-76.97359004513973,38.873472403320449],[-76.973657217693074,38.873504488403931],[-76.973724505612296,38.873536393306523],[-76.973791908897184,38.87356811802799],[-76.973859427547239,38.873599662568111],[-76.973927061529338,38.873631117010724],[-76.97399492614818,38.873662301213322],[-76.974062906131422,38.87369330523385],[-76.974131013002406,38.873724129074688],[-76.974199212156449,38.873754862811992],[-76.974231128375379,38.873769094125308],[-76.974395432497502,38.873845800771399],[-76.974459149120108,38.873876353205389],[-76.974522750525253,38.873906995663312],[-76.974586236648946,38.873937908313366],[-76.974649503839927,38.873968910965267],[-76.97471943071011,38.874003428301123],[-76.974789150120444,38.874038215802116],[-76.974858616007168,38.874073183374705],[-76.974920567844009,38.874109464519094],[-76.97496729740395,38.874143211007841],[-76.975096709424918,38.874250042280423],[-76.97538860914338,38.874395616861001],[-76.97546626602967,38.874440044616691],[-76.975545202678617,38.874483031244218],[-76.975694459150475,38.874560471589746],[-76.975812156835133,38.87462199637622],[-76.975924474071846,38.874680240876586],[-76.976085714396746,38.874763808901335],[-76.976297129583642,38.8748868526975],[-76.976329722973475,38.874912172912389],[-76.97636105992639,38.874938483787773],[-76.976391244219087,38.874965605177664],[-76.97646092009164,38.875032893973042],[-76.97650367976965,38.8750876015879],[-76.976512561169216,38.875098953958201],[-76.976521085292646,38.875110396340034],[-76.976529482623235,38.875121928779684],[-76.976578904805081,38.875207428415244],[-76.976627612545698,38.875293108053661],[-76.976675755657766,38.875378967725688],[-76.976723334139692,38.875465007432055],[-76.976859803026272,38.87571708955835],[-76.976875132432838,38.875746099639073],[-76.976924529732742,38.875839886840986],[-76.977975600035009,38.876857155919808],[-76.978673961912094,38.876654785759463],[-76.982334770451786,38.875559164834506],[-76.983235729578709,38.875194340344244],[-76.983868471170339,38.874912646702889],[-76.984369702869373,38.874699215770356],[-76.985116308526997,38.874344652564801],[-76.98647581443133,38.873664503421182],[-76.987294788318223,38.873200212242061],[-76.988743951539789,38.872234299712694],[-76.989100410543969,38.872033536190166],[-76.989330673733917,38.871898971887667],[-76.990125832058567,38.871434505397424],[-76.990148282974673,38.871465090266142],[-76.990317767076277,38.871680973975906],[-76.990486877747927,38.871896380518841],[-76.990622910456892,38.872080653927966],[-76.990709114790263,38.872186040003363],[-76.990816938408528,38.872326468717333],[-76.990918271760705,38.872477745193947],[-76.991022562990679,38.872650657176145],[-76.991144569523385,38.87288300897427],[-76.991229685735533,38.873089172133902],[-76.99131721935079,38.873303088260293],[-76.991362689924742,38.873450114950501],[-76.991393270239215,38.873562039284707],[-76.991412504239094,38.873641111948608],[-76.991429767705213,38.873720025690638],[-76.991442508308509,38.873784803789498],[-76.991452428098071,38.873840433085036],[-76.991474019533385,38.873986500825872],[-76.991481940582943,38.874055027749613],[-76.991491382755186,38.8741603310174],[-76.991496429210187,38.874241828700036],[-76.991498911882289,38.874302614192111],[-76.991500623063828,38.874430803859838],[-76.991500589263197,38.874533200658014],[-76.99150054360328,38.874614217141293],[-76.991532440155694,38.875403330506842],[-76.99153599722986,38.876505328132794],[-76.991535890066416,38.877232868781043],[-76.991537990613452,38.877583524691893],[-76.992066305175825,38.877583408061852],[-76.992166613813566,38.877632661956802],[-76.992269429395918,38.877676442374792],[-76.992349739623876,38.877705982875987],[-76.992431127980836,38.877732408418147],[-76.992513473698367,38.877755679789637],[-76.992671286919276,38.877799064924289],[-76.992830332938468,38.877837686762412],[-76.993411079732866,38.87799538026465],[-76.993574519596137,38.877872054865961],[-76.99363535950684,38.877872058196374],[-76.993643020587228,38.877872221933934],[-76.993650597576305,38.877871078168567],[-76.993657868962558,38.877868660337981],[-76.993664622168694,38.877865039126888],[-76.993670659766281,38.877860320400565],[-76.993675805247562,38.877854642109881],[-76.993679908185584,38.877848170258339],[-76.993682848631906,38.877841094049032],[-76.993684540623249,38.877833620353293],[-76.99368455810145,38.8776360724329],[-76.99391635814753,38.877707879395018]]]}}
]
}
